-0.6837500861046211,11.617518546502357,6.20658685205195,3.547561810084348,7.385933572724186
2.22030873997287,6.0484942759996265,7.418860039780711,1.8477902393588355,8.675912389084534
4.24405859243081,8.335261144747518,8.69374438043901,3.3642984474588324,10.019381800972514
4.086594505569829,2.3058182137846712,5.685189942622063,1.9286941605238932,4.818660753886512
2.7015607179091736,7.4885613878208055,5.091610776280909,11.18925712457182,2.8311312922310914
4.848614972943887,6.143769661004077,2.272234803201087,2.7398181568827478,2.6883591279808288
0.8365294711874449,10.030802913205875,0.7852768135110204,4.213461291741126,4.5777302041970644
5.8884296002994025,8.202000683922744,10.771697021921954,2.6072441976634657,8.221181393701281
4.1239170058169075,9.612348749334798,9.832002492910277,2.7340071618039663,6.6659170768543525
0.37613644414007785,4.44896462580845,2.0793144520759266,7.6944472583089425,13.164066005795604
3.381075289764826,3.669971409102719,1.566736734149341,7.59165686078475,3.959974562446363
2.7452678281444625,8.579500699441788,9.89747065158704,3.3954627196864458,6.598167546235094
6.588636316468161,6.546494812190706,10.789011718161007,1.3747360800876256,9.515296134199623
4.226250829361725,6.152741327516354,9.457494078755161,4.161593306226876,9.994566355196746
7.33217686382096,5.237065219445278,10.002824138503371,3.944223714213442,7.597859361943059
-0.5710653671182078,8.647440832358315,7.661020199691356,1.542270889924785,5.669582307598509
0.8719677713736333,6.957754466138182,4.829666837685463,6.831082800531505,7.209059953668541
0.5726673557633335,3.2212425117278762,6.743941465892773,2.758720141816624,11.423563243334545
4.277269194297917,8.13172994685325,1.6461830270831193,10.22490747544697,10.245982781632598
3.104649574765287,7.24933884016925,2.815343185660094,6.942643395102858,4.849069056526114
1.1561668864492045,5.758424343913099,2.7849393117950765,0.17047839674441922,5.115464830089404
4.024304707570515,5.004742882177517,5.033727159402806,3.4714879181981466,12.573328204508446
2.073669759659211,4.807376114950896,4.401400748200418,3.3949364500239545,8.628468000723474
4.162923171126651,5.451711509939609,3.648699075173705,4.111466678952407,10.705583974270755
5.192486407611295,7.917077678181089,10.864619192532052,2.6527495684224567,6.5266228665744705
0.6872115707971871,7.09480140700372,4.625674402317858,2.8935064391846455,3.4752777098631693
4.9138998413870025,10.00889448580935,5.537772029614195,3.133417911370578,10.475220190818822
0.20421575291099003,10.16314104140369,3.5570773367347073,6.685765436530831,5.235077633151013
9.903664993108574,9.92680303860364,6.761899968777085,3.7765766410922192,10.367527690496765
0.6392751394060223,5.394996384658562,8.585081155567059,3.0872409113341837,6.523067710136428
4.242424106555008,2.683386903246694,3.500027863522093,12.217434555063534,4.1337363535950775
8.758668198874087,7.750309400330033,3.4794627685668758,4.968027526402998,9.02123726084268
1.2391162324515599,11.636938551229267,5.708195654579438,6.486958072306962,10.20258155875641
3.663533107883254,5.063885987791405,7.639372500380045,2.1001991294143982,3.420173401864485
3.635269645761962,5.011215833648208,6.323879252665694,2.1182276956636295,4.404914467911721
10.54111920966859,10.024680282307648,6.032659043605568,3.0222702623528144,5.564235847342219
1.575235714746807,8.597765315232746,5.9390256567884805,9.797928367792826,5.155888051671287
3.721876190459671,10.75570752963695,8.332243778024846,3.008035841373,11.930577218596227
2.1657847006972624,8.391435909171431,4.077313516191582,11.792370349779272,6.206573828599424
3.455742650393051,0.8218807822317382,7.451294502360941,3.776749804535833,8.04607575103819
4.07132708525536,6.413585469810478,5.885591939040951,4.506145914344656,16.044007187628996
4.946400706700448,8.289099334721826,4.864801182824989,5.55943798449277,10.23054208008255
2.884411007693785,5.972144036447738,3.677687806066284,5.9099890059553255,8.95796128822682
0.22558399858639655,7.911077159533525,1.576119834787364,5.788928994158965,-2.007950202242635
3.3969687581112176,7.741606743214345,6.548024945092864,1.862294735830997,7.5829430952375665
1.275304284654621,12.395372869857477,9.27587309066913,3.8004420491380144,3.9216139021849763
4.229465837721907,6.735523877128328,4.784586715258772,2.651943009820023,6.962488772499617
2.6477800307858823,-0.23768478237161395,3.2132752359929224,6.747946640633218,5.063641299302828
11.31450680981188,9.225593327025678,2.0218509757896364,3.376037764285978,8.60442220153506
3.6839820381656825,5.56250164857861,3.772900703406052,7.842218460412389,0.9097011945336364
3.615166850729585,8.782150799536325,7.629663346747906,3.815073923109418,3.8247888755650434
3.4997303127365855,8.69911186549824,5.6174471193804365,3.8443152133143568,11.767356253489869
2.4389183293939363,3.3119955424545484,5.529861390432064,3.2599749387140857,-4.158812424208495
1.4717590303798618,4.901014398873978,8.139476989797323,4.639196266159026,10.757864291593748
5.701479161711208,6.758446248706475,8.625087763034136,2.817009305853347,7.047373204585494
8.9922160944907,10.827854420508718,7.298584651531745,3.275443338892479,6.6987357352386665
3.242566666215878,8.989150272117769,8.770841578525527,3.0205028689647992,6.939179287423207
5.0092972198635435,9.41139351996111,6.443203351028016,1.7663778362382068,4.200374407162528
4.203797319680111,4.659130598881772,3.4994505067116424,7.55270641717634,14.489652301743838
5.657471891540872,6.071124043918383,8.719949487487867,3.9515283296737493,8.476915774577302
5.0916908141576425,5.291694835283705,8.805807062216406,3.1452890520816634,9.522817335657082
3.3019053994834775,7.5786999542565265,14.897947616897273,3.177603924172974,7.30833657576034
0.9528045705632517,11.021281453859348,1.847806256618135,2.9707898398782384,14.01937709463477
6.8375551565754416,3.0678845046572403,5.5410109473335645,2.3120106038211463,7.6249410639323205
5.267395154869978,8.802819122869627,3.963462076426349,2.851773827017998,10.75133309695185
3.5974937891326553,1.2903322289013046,2.514069452128456,7.209673887714943,6.986592816269505
3.8654958102024146,8.640812075822067,6.64429851010677,3.0920787559982235,7.4880671880727485
3.2211802134888234,8.93119593415852,3.6688241620468087,10.925760091974972,-1.5845400105369238
4.320099823356109,13.372819747923206,8.509385448598822,2.391789108930773,6.5121396800460385
3.3360791478416543,13.37794481178108,3.477389966391922,6.37289357852559,-1.5184067620183184
-1.2152516379618024,9.396156390537707,4.833835785423928,9.742920866510232,3.786616283039301
2.0061501792623813,8.417715196010993,3.32664787164023,3.1562283503872,9.994105928249512
1.4267372320064515,9.443343635612127,4.131295585712575,5.083454597114798,8.350792132777675
4.296481604232657,8.53477380995839,2.784235912478544,8.943740738634904,13.171210834790621
2.062982573638017,6.2759449920650034,3.9106610667555923,7.423917790740174,-6.410121728238938
3.637586524192942,8.601266822387275,0.9656804521617262,11.258157616525702,6.969049855295316
3.0564754408331645,10.190176457212225,6.982983894701826,4.055429166076805,12.541695855546214
2.2037320056541643,10.700585356068915,4.603565025203751,9.624953350493477,-2.86888964582078
1.9743954874715142,5.660010888137503,7.442878182833011,2.0379192252525025,2.5115703681820136
1.2765917320570588,11.384816330027128,3.544010006988204,13.35192641249649,0.7928445440547618
3.7772391085302295,6.241711252881656,4.890775093988868,1.6082186202013966,9.372842618430717
4.283140625627128,6.826949529979907,1.160185013576153,3.602792767736949,12.193237602665569
1.1368202314933258,10.929707541936196,4.228034486975397,7.525841509596823,8.509424142762118
1.8893333263288792,7.238417895308846,3.7743215781637667,3.810952304480945,4.107052408592055
6.858789009731677,8.997254764369373,7.318706458972144,1.4470340808019901,2.8620335455698838
0.03361370369598804,3.9839338699717324,2.8819806576557436,8.47423067923518,7.228825818250415
2.9412327057390497,9.119425653505466,4.049803615105926,7.412044523911996,1.6837479236444204
4.109527409347748,1.7477703281345667,10.311242327035595,2.5353816233365656,6.136913005090255
8.276755751278712,7.689032189984215,14.902887241823251,3.4368301324801855,4.245598055762556
3.085534360717815,0.4716577768967458,3.1181126347477335,6.1167059269922985,2.9540182355524096
4.671295932823958,1.9338731055214602,6.534239256225633,4.760232673661562,6.683379062785293
6.615636724531074,2.9359246495942455,5.830581772657878,4.136073504168975,12.171323389039049
6.275313937327652,6.799999810135249,6.574768422287617,1.5798326443039883,7.286250730189799
5.216980375441776,5.551572787377586,4.986968557073035,4.335444715897684,4.8254550674649845
3.9975501062755523,11.645433890003265,7.816497659681322,4.119092351975445,11.57537474025336
3.6696000866549525,4.921264302071886,7.756036007484928,3.7287026260256897,4.948039802938192
3.0208898032727722,10.710142431070814,3.556197737033619,6.28499093513718,7.6166602189379855
4.175377998798134,8.695482622736908,6.1062249988284405,3.8595283497713635,9.607236397165991
1.9612929482940804,4.055175162652989,8.833138483949694,4.193587297041332,6.215423807153432
6.687267936739353,3.083052807082144,11.811264092901542,6.438788042340836,11.317557448339079
6.544107073841278,7.018072487550744,7.122310450175982,2.3672373215035254,6.644042831035901
5.572700369231397,7.822775239781695,7.202493474279511,1.330459672915561,9.071703105765069
3.79813159297875,9.677400640679197,1.5246971491685883,3.6785446790858645,1.9868046797633854
1.9770531249915777,11.336605241813722,3.9317738945769216,6.771801246345989,3.7126486418267133
5.676559280981884,5.952441496773998,9.34004512897818,4.934346362400808,6.171330193798625
5.564457165555903,4.600212602542975,4.416921411241491,2.669019726509288,6.202509487996771
7.6733213254659365,3.2585880848437445,10.244286122367797,5.272380458380958,3.9351194725448337
9.079086688060572,1.29367230170873,2.064585988372345,2.169294520664633,7.546266422602727
6.665595398555338,7.9696519067167975,5.373318732034345,4.140665976881218,11.560032606892795
4.580960952799822,4.198907448453598,7.7624415968145835,4.412361116309249,6.571560895419454
3.904301359824609,9.310075198252113,4.1521639987701295,12.460060463178838,11.983207198552648
5.516928493172282,9.832659344207645,7.446689496165847,3.104566770813469,9.032137420109958
2.2831237944535205,9.424605731710486,2.843438305710828,14.660380275166851,7.358790764093312
1.2128520323774508,3.0196749880866585,7.99628483821572,1.5938100550666325,9.016143619655026
2.0490847269491206,6.699550800711231,6.014459977248061,1.3265525611065077,7.336705914499065
1.6810770534527315,7.824895637568214,4.460245606046239,7.107786140052082,3.820178318602065
3.906267732118562,10.128948816623575,1.4022547369060545,10.185236577506151,20.29649005967999
1.760347523512017,3.751805014155382,4.485988172971521,4.217328720797063,2.16999754625402
2.255555475051365,12.972588263036354,2.741310400754908,7.486674528325364,10.254144874644801
3.8574257936898073,9.536625371205115,4.1583923271088965,9.115054030436234,3.204566223727385
1.6010189656020626,9.96749730631231,3.548524467877033,10.356643890193627,3.2904806108940763
5.305449020735944,11.453189901488955,5.884730286457231,7.161323829319299,-3.421341460341507
2.603847475676253,9.451746990061949,2.622355104115689,5.864285169135755,-0.387148686533223
8.050573698364081,6.405553653413263,4.910115546234371,3.6967687366356925,10.481192355750432
3.6611979436897624,7.829628560859566,4.612096661845326,5.545037739272885,5.084336458896947
5.862176969962779,8.802964623871006,5.217265451334109,2.4263159515713837,10.008219335325364
5.554205580676517,4.57552406678643,5.226972952141136,4.440849300633979,8.201146977652247
7.221355981722477,5.992633015793579,7.39777627855417,4.472808815315,8.693374065017005
3.679668420634874,12.098689828695349,10.471690386084989,4.2618369960013744,3.0475380111422936
4.655550458891398,6.6215108109923575,7.6856302950294,2.235292829769242,7.198943267602186
3.131976876861186,9.82285799557965,2.240573327112269,6.017309645380283,-4.500290255735749
3.4919212143836305,6.505404368988017,9.925234753810038,3.6205410998662138,8.244979523314045
1.3631245605824729,7.831463270509485,4.258591878276948,8.622335453447366,6.745521202672735
0.3837498846059333,7.872474944824718,6.456437111615723,4.739119958835364,8.027640526708865
4.12449414329481,8.120930823776375,4.917510433740079,11.851994021024403,-2.579281416370992
2.1773585828228765,6.97333557245753,3.5376525284673277,6.324301138880456,-0.7064967175484149
1.5615791986607443,9.246126345275043,2.93687559492787,8.739406308001332,2.446358784252202
2.9925477873575903,2.6171300858816586,1.3736327460726954,6.183655664840294,2.678689863386791
2.4986456943584012,7.364772264082287,8.49195601844228,3.0625107769560804,5.283662579781225
12.332593487138155,7.951626912769103,4.590207792662953,6.01081571030462,8.62756070952412
1.8563009063122666,9.562502240135714,2.9394966464623478,3.3101072052631535,5.282142436449534
3.966029894925082,5.781786905332895,8.459265615254063,3.044696947820586,9.186073370651341
5.039840232743065,9.471591454258768,5.963974218074483,2.5263794303931166,8.279284273737677
6.398323310876819,2.67196419144768,8.910843607051184,4.142406314161472,4.934482986674954
5.19537549349746,6.6892251274884815,6.1475418827069195,1.885431635072697,7.099706101476342
6.273253256168413,3.6526604580935476,8.453916403376475,3.4807375831145078,9.785617136985259
4.228443712852387,5.186940369353452,10.293505952522938,2.668673457533223,4.7784665837737315
3.7796317879314043,12.080337164573567,4.067250032204566,6.544449044799331,3.3216585668053247
3.1497064426996157,4.3251608266491175,3.695057198940887,7.848551619775613,14.313121489957078
6.781280423618936,10.151269926209208,7.712575779105158,4.207203890138501,6.622176371186519
-0.18387947075426947,8.80700189418158,4.223561945919071,9.434934814853221,8.657301026994457
2.715797936703467,8.855452996557192,3.366010016402143,6.954132597867011,0.6200637882965943
4.326974448879209,4.433065290129684,5.401697478597968,2.8401507752928583,8.503479792968777
3.979205356408973,0.4614314295775632,2.1913612648852556,8.092772042729457,4.31170950694859
4.164484764508139,6.708852913888743,4.5066075785883655,4.440515029551782,3.735271691735596
1.7464185062590178,14.358914480719314,2.34223168385698,8.800707458426904,13.624020281396398
7.606816639485791,4.380880562054455,8.363771409772145,4.034495002023421,11.032344446060918
1.0157666307372057,11.140832609848573,8.298204100307661,1.2463694167317398,7.078793464640813
7.39954868026538,0.2872779600924611,7.749722109414023,1.6729021775476753,5.0624544622151255
7.964010248448314,7.774428007402006,8.438946053585186,6.643925552756034,10.613268777739165
1.7502815479079339,1.4394532915583165,2.2943490954513264,3.100389860423851,11.117824982690921
6.175110780720097,6.691599010406975,5.972157547219236,2.682454871606386,5.206322358994248
4.442950439237542,8.410760259462327,4.850033113750925,2.003499950161771,7.464387096293954
10.223906859565307,1.6638302769072455,6.623072711520116,3.21139727441936,6.554769938987292
-0.7004951073702061,-1.3241134175468092,1.8478192870335475,3.115451526179572,12.708503431818826
4.613946662409052,11.11251012585419,8.02573427458225,2.8353089690902014,4.651505054879305
4.17967954051063,9.946280845689332,8.773844481072537,4.720658100866095,8.37172924821396
3.638725562970719,10.933210974583819,7.696352180895733,1.1595619900492964,12.83075635333179
1.8481020686371827,6.359200678604148,2.7055480168393142,10.342997814549184,4.9184872786066975
7.5320002065970995,4.609083850193504,6.7454721153131,3.1698226688633104,11.378411251999506
0.4649757752424224,7.5350431529299,4.755448285435742,4.79510281575458,6.353979322779082
5.964755510342783,10.981406909664162,7.494924956323867,3.099072353954831,9.946972220948027
2.5759923462375456,3.82482330203412,3.639596205266413,10.517401393509553,3.9233419269630154
1.3598637754343192,5.164097824407017,10.72905752408667,1.7740650308646282,8.696465213454275
1.7555985780005225,4.54737976377621,6.079285239817931,9.135378316981878,12.394315751332957
6.156464342104813,4.924215574611994,8.837415320964801,1.023000509377725,8.005205822769858
3.7967211645426935,13.656894445996087,9.574470268504694,3.5926983672287487,10.521367171281192
3.3711729346480954,3.7643338549042085,1.8607380363971382,7.065162802857675,3.29149428445516
8.857620932242305,10.509291614569268,6.747612293216197,4.1393143362526645,7.674567611273982
7.7524801514380215,6.91261379142645,8.761141658244178,3.341110486715981,10.453245409949805
6.583582747761427,6.119123823581714,6.61667005082015,4.93995626294477,9.697920052930467
5.455224984578195,11.025362066587446,8.28853755382736,3.2120602006556846,8.279460908073158
3.763383207468271,3.204300738380442,1.577543838154389,1.8155199678734144,-1.791481555918005
3.2311855312429123,-0.13192150525820479,1.8114992824862113,6.3158158068482475,5.873798409836161
5.082013508338227,6.698791557252065,10.312720702955724,2.0855085100224904,6.144753331287713
2.4069398384010063,10.709272796502493,5.884664263596421,1.8957699277044568,9.557189755091073
2.6997520084867936,1.541622126557188,8.10749547169674,3.9180910010191123,8.205966402062145
5.9587652339732315,2.2802515354934734,11.056749199431346,4.127612320242363,7.182510527919083
4.369341935237337,4.717740203427407,6.024468725345239,4.224377325366545,12.969521710952929
3.574302705418285,5.1551020709923625,5.752578478922427,2.645599817537622,5.555267183767471
4.9332923930977595,10.355969410809214,2.549860518035141,3.065186160648687,7.446514027239859
4.081097140053498,2.6576159932079246,10.112346089370554,3.460982115271804,5.447816437810015
8.596104640769042,6.791099817678704,8.089092260843945,2.3537066552111163,8.670667689837007
3.193885526000086,2.3128123858615393,3.804418143990973,7.159542580179149,4.143966891937469
8.387536032071868,7.583131604351442,6.568874136608563,2.6795583644785417,5.357534159984013
2.664914601089085,14.215537342061882,6.4904235139472615,4.343792659531962,8.813014142670193
8.83365904717142,9.289405303419613,10.36251238935635,1.604474327867479,5.337947546586728
2.2516863915403245,10.92123515744847,5.871149188147807,3.596305097510462,6.022883546984591
10.179527888040433,12.917324940684509,9.307795934617552,3.4683071380176558,7.455690830980302
6.973993203605183,13.57621380326133,6.597247042534711,4.783256608121137,9.246720888696597
1.5847835585612682,6.847388658895341,1.9729310133166096,8.003529993372338,-5.3853595821184115
2.611664372343344,9.767968261458634,1.8720758159320168,6.68554720084527,11.396456591629978
11.088848770832723,5.80912696144883,8.827827571990996,3.5579866968770557,6.595738422143761
5.095782783224582,1.31536437599204,11.954026992667213,3.004020171686934,7.956126300122417
2.136075977567341,9.131898417841551,3.848348652818764,15.382147110552257,8.542550330430817
3.5299834525635285,6.13881370788409,3.747405119495168,2.4005632536857826,-9.158700395794533
2.829141617240282,7.749967522743678,3.074666351144918,7.3252970094287,12.769559185637657
7.240952706431639,4.87307345659338,4.017250040358447,4.783168519381367,9.014097445766678
2.645816443244075,2.6802890379506246,3.5687616524217862,7.338697941796805,4.553576374071123
3.8933013449610736,0.665905973003436,1.0512282393708314,7.324964710139032,6.645583175718718
3.3658922763786423,12.377059919672202,3.907247891635637,2.8577122350294992,8.55943550245969
4.6105429205154875,7.914646738452903,7.713690644606658,4.393567822390023,4.117748082155434
5.56086932302696,9.750295703883367,5.990399716061156,4.608330790120524,11.626729456359833
5.217446059653536,9.063779533830045,4.17814724925774,11.557555824907906,-9.90315376751442
0.9160880336180901,7.609299818476308,2.2594300085807664,11.2531127157866,13.233459404233626
3.6818367421956855,5.0418767397943105,13.742969299367966,1.5766984586981025,11.081467286840045
6.198223277667641,12.178414827138594,8.514527376692063,3.680162430958818,4.87752594250622
2.6398246491266533,10.568011819677166,5.304628810519354,5.007276462853213,5.646237469203395
2.456046687818584,4.659762210360903,4.239363747086575,2.7593947051811134,7.311734175291437
1.9154337693375707,6.471433564509529,8.724757819907868,3.320641944666362,12.33025359995435
4.755304344678816,7.909698521765132,8.401333497557262,2.5017360676691167,10.036163038427908
3.128944930823927,1.5723019227049657,2.699832495585554,7.487526653700936,5.41090114609783
1.9735528653974475,8.069629020066156,3.4396815945795907,10.127584600571042,13.093512935339746
3.763121612031188,7.418710022293596,2.539115895274427,3.841263227984186,10.55861890952773
2.624637727714497,6.095211024779493,2.453809185341056,2.2774947155419083,6.850599917759882
3.7841240064146486,4.462353982834515,3.714369811864142,14.714731330742865,10.231599620429408
5.503898051568331,2.9478359719650875,3.3590404915813434,3.8080715056475056,8.782638374384035
4.342071785862688,7.33965254319177,7.998268810153651,3.3943080787111324,7.624946119421627
4.442405448891838,13.332334373945802,7.132796247022902,1.4995015332063335,8.907330819823155
7.081815013218543,7.42465606899965,8.521358618913519,4.849147496814748,8.20119981094642
6.184669384913477,4.976277033786355,5.680876627101823,5.827452094373083,9.894917909281759
2.4743682243477276,7.887902486006493,6.119926736648715,2.727591276778813,7.521074937108795
3.2479119852149307,2.4962364731641444,1.2084378857857947,7.806937466765628,3.364573462511971
7.07388747342884,10.73995343659131,5.308592952661202,4.047661333468923,7.491064379928416
1.511280201394587,3.494695031170918,5.919568904608022,2.312522123652306,10.315816659081316
6.526302512236722,8.629522638108869,8.831179677569938,3.9350826847719707,6.678654419851506
3.086909365648788,8.879595988980183,4.097203313535474,6.1391063821124785,9.55720830430485
7.96361871427157,-3.420107441331999,7.711797636290639,4.951925862086411,9.744663428099654
5.559905517387268,15.160082431844316,5.2447869366467295,2.751678978550842,5.95837072803246
1.7463791998403988,7.253013428561827,2.5428180966616987,7.9295561722701535,-3.823568683326169
2.2122012672327482,11.074940204723584,5.965354061851967,6.13509059441864,5.268239063828128
7.51821046143432,6.163658206028823,4.429824397150939,2.240858024682872,5.775007000462367
3.4459785339375877,12.135049783643568,6.7232301947346755,3.3402306387848753,10.399975861124307
2.7257487398786235,10.865241968798967,4.510094921381368,2.995275930928313,6.452158447983827
4.466468375084798,2.8609118911275324,5.2511768382970185,2.6450792769117992,6.232866637185169
3.173507614457691,7.9303804070721995,2.228372096454464,12.404001131967966,3.78059981795032
4.966486164500251,9.736382493606897,6.103458890664054,5.47642773880497,8.01686041175012
5.710317196058755,3.3509699675269777,10.694909912214184,2.929236230583402,11.492196435151115
1.1952111896765107,7.796930261444827,3.4272217637819513,4.971601578781906,10.989473784985407
4.4729250620273495,-1.780302615760612,9.521338834013184,1.45658558128399,8.777404814740981
6.2183341108217025,10.451408686668113,7.534972880372568,3.4923183902713446,6.4279718870072395
3.188306222799148,1.1635543940080981,1.7689171323154496,5.644080942924517,5.7270029218939555
1.79014582735199,7.948287691666004,5.274921603558877,12.302452929263346,4.04631903609729
4.782070973162462,5.906258380962019,5.165322936989413,14.282640282601543,11.221874920155074
1.4205480106548851,5.583982921286504,4.534661177642128,12.24533111558306,5.626255027863001
4.988670061917031,6.921391068924962,4.097401592293232,11.557007507972386,11.475425933652836
3.0825442981024276,1.5362766648041157,3.5831755714063878,2.049969544226988,8.961130031323203
1.565968699555528,8.862663937668776,2.756535582046618,5.144858724236871,-1.8561409924929118
5.644619586676385,-1.2701434656415662,8.140338966964952,2.3248211240286922,9.113724225262258
7.461251785701212,6.3102133572384,9.408836971668586,0.9113700669380691,5.146201095798424
4.457690722931827,15.953081655468598,6.608589125128224,1.81784406604424,8.656534758065478
0.9702845741333839,8.698411461283692,3.2597082590637734,1.9363391714307188,4.128661692612193
1.5633512991751206,4.632858118607581,5.672635066394822,6.2851247922137325,3.3937902464577228
2.6337026427774606,10.325961801895192,7.947789635455616,2.9796170091707532,10.246916327928776
7.18153171644805,5.729191687984564,8.714120093341112,3.0246904603355387,10.837031791589634
7.792380903430424,-0.4087591763333043,7.5852298278684,2.2581096717385547,5.554073775391322
3.2454668581355186,0.4822791087842857,6.776530969505652,4.524546279399218,7.961341055764681
3.328398785648781,7.65981141580456,2.6805291917866896,8.200732775654345,-3.9820407552752055
8.11232825922678,8.493296491905891,7.8812274724886,3.075078912876071,6.732184300330806
2.201306346555145,8.821374749696929,3.0853172026039473,10.154617212795486,4.584254076806836
0.9480310781524366,8.01887723534107,2.5282404503776394,1.5896409257920032,7.251530541377637
7.591925652525502,7.013318186681229,9.02526571278906,4.483055634350929,12.92509124811005
5.7330476785633095,6.3397524649186865,7.430214045662823,4.560012884625716,6.104462224008463
0.877802179073363,10.033355250725668,5.067299988461806,5.034131541516535,13.685577983588232
4.8903853901639005,7.415985360042953,7.2133290967379695,4.333595563601803,7.944717795958436
3.5738356617911355,13.006259722757743,1.8582797108793492,3.474606735570066,3.811825715663064
3.183493347582097,5.419907817799971,1.4078784094585135,5.908905399128203,7.010885847407579
5.563889865877612,8.60980905355855,11.929423603882059,4.516398236171584,8.36039275025632
2.971015255917459,4.713761486230092,4.059044019479449,3.17919667235257,11.282168322477709
2.4993495756839867,2.381753757842363,11.906294083409229,3.2912335778953796,8.498011456623582
3.272976884865049,6.7870103830641355,4.258328541835603,7.645457245335361,6.4730121085869285
5.440347539948032,10.677655066848706,5.7272079619824865,3.6096487597057676,10.212985630139958
1.7135253742798287,5.582555869049752,8.665422978975883,6.3172554250062145,11.64963938588938
2.7184156152579106,3.4936319820397155,6.039362425134559,6.494082576140924,3.9101205234422327
0.5123743490742836,7.996516860565213,4.584783546456838,2.5692902378651343,9.443737486928098
0.9590325688221519,9.094798667586563,4.780859747535917,0.0378868656391651,10.263942252942865
1.9538028779341776,6.01562972415943,1.0782185337629642,5.877459776456246,-2.5925981238345353
5.717971797135101,8.95329142108321,4.149899489368201,1.3594655990135498,8.20800933260055
0.6888275699759643,6.6628683730606495,5.124749838396816,6.079773096724864,9.830426594883717
2.7378096045055345,6.468813754814544,3.09408164234424,11.387419232595082,4.208483030510516
1.9093177376823127,14.082220909451753,9.272040065306818,4.311820195342594,5.9207040590686795
2.218145527893885,7.630624386631789,4.126023113792969,7.850468571289875,-1.0605147199919545
2.064672272955369,5.09521078942003,3.998877048336246,8.05459739903989,11.330187476621335
3.2021851377555937,8.285984284538614,3.703317969255967,10.278422120321173,19.431378658474955
1.0205773128526885,1.0134102838025036,8.506730462596503,6.020599901521907,2.6313059459860995
2.6473639056821363,6.684072963216977,9.053000824111166,3.682051288713188,3.8424607576321312
2.5043888224283206,7.213967324118878,2.357208795297666,7.327057752749293,12.798370471320524
6.844236378218704,9.830176261120014,7.23814186305903,4.678286853827512,8.893083975950955
4.6717864019504045,10.748658611666807,6.854468235667313,3.181186085674668,12.984484407260727
5.11178847319416,1.3511613480209874,1.9496545815159918,9.265452977685321,11.267045893841626
4.148023702865007,11.096495666496693,7.224670888327685,4.0378576189367745,11.091077845888067
5.82417308596558,8.065382799955799,9.07524908360045,3.6703514395244303,10.59569621882471
2.4088171295161676,-1.9725084390850975,11.10050982127271,2.5402665634720805,7.745406234943936
-0.04418339679307204,11.41671990386996,1.6834889698537288,7.198822545306765,8.41398987061584
2.1517254322127006,5.568132244124259,8.531153764020793,4.442546169228218,5.905854582993186
4.982555441275789,9.588056533308006,4.850023574360303,1.3942052566129437,6.485882181987477
1.1128935923788128,4.418210588040559,6.5369272710571265,2.2811720411633214,4.697081560492192
4.872778117313669,4.0277881139788025,9.056529525064343,1.790552290635114,12.933605467345103
0.2419267272341452,7.744534090144628,4.66950967310411,2.718027537762106,4.792356484639749
3.004628112173087,8.284540456617528,7.69959510864169,3.707440624782726,9.055782265626545
2.376256066071203,8.198508418813196,4.307926868087943,3.998238151666481,5.899749852808558
3.3811127537964234,9.678513488468424,4.407633445101324,7.7076346448411925,-7.386542670229172
3.408368528136126,3.464378224316855,3.368743861633749,6.553766827185728,0.3271103756333593
3.3537149606540364,6.321642272560487,4.675772401030642,3.8479000819884828,8.594751182359014
1.2046305531335313,8.396345835419574,7.723973940339375,4.509928886794719,5.893976014252376
0.5103394725742676,7.983007856999326,4.129081141908684,5.8927084548793935,3.41848016004171
5.572379687510997,9.357972343479162,10.506293392173266,3.6922516150818545,5.736058502413255
1.3076824620365295,7.865997002459773,5.032666308369871,11.61226778002906,0.9686611520755548
2.4656894817965656,6.400191165483794,4.421061213520546,4.679396852747089,11.02873747496846
5.041638554239164,5.42930925704467,6.273450456711856,4.11718523375161,10.049321571988951
4.242223273997198,7.100164265414057,6.056615042009028,2.8373578994931696,9.82820235300462
3.750213147626434,9.586767319468217,8.366493037255932,4.760530302968139,6.819527991969805
7.615777066727207,0.02990839934681322,4.893525864696671,1.7389292203807034,8.307617820598344
4.564696238524284,9.307055476965331,4.111322841627992,0.8331804894121495,11.531067338281186
7.623619941113853,11.361531321550796,5.9442692884382105,2.630445895531455,8.394636812141131
3.347681854427807,0.9979818813181567,4.452701229095323,6.844073151284901,0.9252343478200356
7.326256512679475,3.8107081550677133,8.152240718581279,2.691473975870321,6.799505768422665
7.633758982164373,5.177733810565547,5.191895387280191,1.28244740186414,11.457309064572357
5.333509587533644,7.429251331857657,4.175600076868857,6.480924082781783,4.638063644379368
6.151904691185116,9.720022241402324,7.459051128159263,3.988932581302274,8.387109450745106
5.925106924049733,3.052155466404744,13.50286832508603,2.1463575806145263,10.41322269824906
5.728280031839196,8.76865500991862,9.292260507043688,3.654732239434144,10.031943243887339
5.322094140497972,6.245926695269076,7.272882293073474,3.6628259022743803,6.346856027017595
4.932616036454687,6.0545789733158495,5.48490815557635,4.668452540523,11.070353686778182
0.11337032619225607,-3.6271349083907536,6.910020636005626,4.8154977176533,6.006003994314744
6.660942194972479,12.130673251250935,4.764510217293985,2.7791932683532736,8.646537506714026
2.9123111638409513,7.939675772509038,8.533602888577445,5.00049076626287,8.603782374491225
3.6310539096481333,7.8364060481235205,7.556655318420211,1.8545776547063264,7.930170990307949
3.822171175383234,6.537344508858818,3.569401198770905,6.827485067395159,11.760243649382517
6.6577258215634245,7.24992012824332,7.300384817704635,2.865473568453975,4.352980254182727
6.879183911842416,4.143358852894764,7.854274881194212,2.859868552105322,8.724979065813933
5.533457925747851,6.8302513403586325,9.828971480176621,3.214927586733003,7.404789742205815
1.7383537424917237,11.998579339752808,4.403484767456181,6.291497711415804,-1.4028398801779716
4.906471363000643,10.989763312209348,3.3420591918458493,5.039506077648911,10.607647098845689
0.2300748644240791,8.68951586234516,8.280917354279088,1.2022197288412126,7.466563794545726
4.518333277778692,5.878338192992357,7.435855042083026,1.7030590486143247,6.146630185149148
9.254921868262535,6.71962353989627,6.10624071150479,3.6183993814913453,10.764715473880177
4.5574118850814305,-2.608207522822833,6.831340903899083,2.3267195438602983,7.607474088766432
1.867955062507336,-1.5772713241352738,7.1494728486777,1.9076172718903446,9.496424069452237
4.7805630023633885,3.008248771547539,8.729139853986151,2.975175874129534,11.553830157062627
4.753048470769818,9.15473654241262,6.45560317748289,3.3678761450460657,9.0255303286713
-0.41649792626147786,1.0421019876356556,8.690679668357935,3.956891127984919,9.380977441976603
4.311946147826504,0.4746996625884643,0.9123994938975004,3.566430641958169,8.108925133706881
1.9009536229993889,7.828268423128695,4.963036599171176,2.496043826619762,7.989506353094974
4.138597795897946,6.638882980814183,7.51355320446887,2.9640275069574638,7.299222856868391
5.089296663162911,4.103988869309827,7.148810112444123,1.6139610604772083,6.1693574809434715
4.064907662709854,6.912421221479828,9.290225678611305,3.5054365858445675,11.77513683272383
4.072725708903333,8.694321776269584,4.824335468951215,3.6795324174885256,10.403967459869511
4.212601805096251,10.681277696302399,5.3801518181530685,4.18249614368028,5.813216358248214
3.4825517584999055,11.756802180184128,5.7527236427367,3.6142644507012376,11.45193623596373
3.2428125800444674,6.7204382726042144,8.425570021694353,2.96666999501017,2.895649181235253
0.442335038676136,10.605007288184343,1.4119621995158718,9.79149216758165,0.5485194754815854
2.4517012539436696,9.625888636165989,3.9960810866736223,1.605417507032815,6.466089405086079
6.058051517466793,4.410820425713724,6.964694101154203,3.56267246887256,9.905007694103185
2.7204221534441895,3.348131576422511,4.870389067729782,8.414442224188688,12.924279048868744
4.946323445270269,7.697110152098839,7.191952139678905,1.7107725572570898,10.295518175060405
3.469043178183065,3.5811763938052623,7.321132396511463,3.0381944027049226,5.761383384584972
2.8928543277973495,8.413082205658126,1.4864152959314265,11.823806422098503,3.7691307048988887
3.0593132029884615,-0.8122476714000961,3.3703460265554748,7.775061546541845,2.622313474049222
3.253067996871256,0.059336159686588674,1.0336874308385617,7.213499418305928,4.313157637213257
9.588012085731023,6.2858115369186685,7.110384015336525,2.9247780456710277,10.975291690481312
5.321961496433699,11.614012745119943,9.272966387862875,5.536846901245232,8.37003566197772
4.195491532428948,4.665906896172339,6.675362997767358,3.8061560668101775,8.633509876138747
3.7849227239049803,6.070918481642945,2.2522323120882026,3.154988249822937,9.084247357403317
8.212008393385734,10.13024655974337,10.355880183271275,3.3555969951028572,12.370795602260031
2.9373474938429744,3.7903236851681217,9.269420437504586,4.65159288441176,12.263804153964614
1.413025348888878,10.812814028496248,3.173718280787852,4.22919238183181,8.186309998647683
2.2595733208130624,8.544176357143753,4.055342950569925,10.39739283536896,16.526253635554582
0.632421284921898,9.808603139364436,8.658042515504977,3.7539710726670306,4.9511479347893035
4.582326136778302,2.325987161371633,8.952357046002316,3.3880188513501333,7.773678308991556
5.819377344246633,5.279482979652542,10.609229378389479,3.9089769222510515,11.494402472345858
3.3284280383136817,4.027947755016459,4.580604051102949,3.7674506680686624,8.018566570682658
0.07545634208445096,8.979679019766381,1.5489553944880154,10.988047979318967,-6.090224922445323
7.74567205128346,8.632716020697197,4.872221149237568,4.128527375880135,8.358324477523137
0.5335091547062403,7.304678173977964,3.3358447711791257,2.739616749594851,9.404353702825803
3.240533310089825,4.337142476294568,3.0092230410030316,11.212108519139438,-0.9229289097772702
4.581310995385801,3.5448095644257007,6.242903516213952,3.733801367861437,4.353164187365015
4.952556519371789,7.702565808901645,6.640049991791594,2.0576117418441973,6.551725742016888
7.554724481181021,8.567468459892332,3.6610122354736094,2.3620967160282804,10.955700334987139
3.8150233770786377,2.3486216972372267,8.229202746874066,0.841992354792191,8.436649549712964
5.030229781785743,8.810070115560174,6.9004786028024565,4.423435333327313,8.853677468411213
2.228756162116341,10.13472870970223,4.288336016097103,13.237269536432976,-6.371194693976593
4.912730893067014,11.125554332822782,5.579110788580237,4.191607698309676,14.107658743219236
4.196489376033735,0.20067762326290772,7.821846498454609,3.172768294150019,11.621813981990396
3.5798336394822616,7.266048854208352,9.806718021610335,2.3232447341868467,8.36431666394098
4.049777408443506,13.573937528909212,11.041169558552005,3.766322440430461,4.1607388669725385
2.798549846605887,-0.23600574286691467,1.6722043455180078,6.796236018941725,4.488177507531343
8.240075357560828,7.037340066242043,6.921979169329498,2.23969884653187,6.618712449231346
3.972603681334787,8.970467201369258,3.7694956339709305,3.82343513566803,8.286535641553288
2.365498413043794,10.077005524172389,8.478597572539956,4.850076529403984,10.539142512078719
6.698814542351676,9.505147568454403,5.212313587227838,4.419062478388674,7.927514233841879
9.76778589886131,5.500179562951303,8.807253502131239,1.5987088429000915,6.5274992729694805
5.230045726155169,3.633870441689822,4.76676777434864,3.4959061043773123,8.60774419637658
1.4309727167409219,3.2608250290930183,8.427994895951361,3.224364706344072,3.4145447369456656
7.137867275507563,4.519875382938815,4.542763102613841,0.6242449099706975,6.914631548183523
3.0845361886866622,1.0708129059175469,1.0808158880106904,5.63908158455404,4.370503141899874
5.4139821881200545,5.1823890364309495,5.0188553445781805,4.394913269065471,5.2798354751966805
3.0990268998627055,0.24910812107271396,4.068841725080901,7.132000171995918,6.148458277220335
1.4487733089466501,12.962947997793162,1.8883394030155283,8.467504495375998,13.140073208344768
4.55703322099253,7.755210585877712,3.2775129334084325,4.673198440291559,0.45932320742597454
3.045993212157911,12.465288483327274,12.36466603021195,2.0220894740222013,7.047258074353567
4.8349297361074015,12.465121154135252,8.869032831181476,3.6319324043398473,10.370454651444643
2.443366289602279,8.362240067166976,3.04244468699319,9.026028084639846,1.988562852979514
6.859071911672482,4.411962914017727,8.45309900136695,2.0262761451168902,6.053474183298363
3.903237689308975,6.189371081879009,6.653833050189111,4.264570668264737,4.7303257653066275
4.900941197650887,9.95134485438232,6.855714050061908,3.277870490870222,10.44861158198641
4.793043989228146,4.609580614981251,3.805999482085271,4.048720027136868,3.1889166069194195
5.219484594695417,17.1653528402717,9.23382160461459,2.7924769041629514,10.43385679859158
6.12152519917765,5.764342417824082,8.495297183956293,2.8920354797724808,7.33837956977214
1.1273473979545894,5.959997128174204,5.276797409733387,8.317462871134232,4.8684263004589345
2.3880235115684356,11.64392840434795,6.111612925373755,4.8116901621430435,10.511467927120966
5.252039949980465,6.533096640307845,7.770450459238087,4.772926335255136,11.659313625691556
2.9899898268348073,0.057791970405993265,2.9313794921391936,5.993628205908314,3.7741820202566014
3.3025845817706467,2.4188028668065686,2.115243879675316,7.310129734101528,4.8329158081225465
0.0655980401702223,5.33813781295148,5.978905284678167,3.673757176879,4.902966966476526
6.123633040816177,3.048673014115042,6.515953047436537,3.4773214594721593,5.732540859693613
3.993648467931256,6.3376644370004405,4.755988827714416,4.689814609970605,8.441673436047271
2.538543062640905,5.829116178071651,3.4254037016966907,7.575654738338706,5.936417611162185
1.1634894135265572,8.574021287646454,7.465199785824154,3.771292445869489,8.929680034253995
5.804484718424302,6.6071084994988025,1.8769987821873348,1.48403233221819,8.903544316014653
2.92182021101968,4.917020653546823,5.073270710077811,5.985574921742126,3.362167772654892
1.8953127676486123,5.945600732324843,5.98399175232625,6.470521721777086,9.082938379501467
2.0745213730445475,9.038052634514823,3.8353895865290735,9.593308573583904,8.616619968590793
2.6348453574507817,8.56458540358529,3.4448680943097276,7.958032318527888,-3.8567831586730588
1.8578897362557822,7.307790556896714,5.013768030728762,5.060887013633545,5.521045503547114
4.805725014649212,7.682215955119911,4.618248781668029,4.831002289490303,7.928122927299713
4.9781666809801015,12.673115811947245,9.259701700006762,1.2339283279462623,4.700292091750206
4.487381032950186,16.0258010944496,3.8331415745417257,3.641932033991784,7.7029510027563
0.252790906088471,8.554009019505779,4.217970833833517,7.062089398263554,1.9125762517851852
2.7502622155799403,7.5414976507427,3.246355614784079,2.837728589785386,9.434364744201073
1.7394324749692638,9.457175034420041,4.04153350134673,8.64387409107824,8.349307829140056
5.161117992501477,0.9809518434114306,4.245147125927307,1.8025150859799732,4.892358336031903
7.991981083357602,6.188183207017442,3.1979343889144425,4.256862671222903,10.401074936284209
-0.4863011865836153,10.542473750095004,3.1589709067845972,4.358589646393275,11.209831717332522
1.6156992823943641,3.6696832815804736,5.510085935591629,4.905289118418721,12.344047204599036
2.367947083812652,10.869052442399513,5.575419176674385,11.595438026087805,1.8985300145451425
6.620252515367403,9.129589157257152,6.460994612207943,2.8304386964079264,7.848116905874223
7.011058015593456,0.11482559877219156,5.321404283336083,4.168730284863795,11.8283604648552
2.0282810072846122,13.848922274548261,2.757748649691005,6.8716599736877235,15.997767352670484
6.153368249063682,7.682318588262682,6.517436125517177,0.03477305885050619,8.917290924712894
4.6851775304576835,10.369043864355262,6.588113848119118,4.569338854850078,8.425089809379578
10.068280642249785,3.838542043421328,7.8320009845542335,3.5240056316928237,11.659260069460167
2.4946813593064667,8.17068501124064,2.29947444138611,10.21588477513234,6.977561947919705
3.5666367100528316,4.906967388495131,3.8281239286953346,7.453100617776623,5.275855384716014
2.61005183754929,3.2163712126478448,5.816266665587932,4.772107740214191,7.010152919698223
3.2513166936519173,1.606259751828785,1.1908678759039004,7.458369481110768,4.71350177158069
1.8804817681576411,9.356134200479401,5.682335893803348,3.062153883607102,8.402366501102808
2.990674478873255,8.407964544370033,12.030439739503585,4.116584787472698,6.813678199956729
2.219845818590947,7.872994328661618,3.049152198692528,10.438766982580734,13.475719995549603
2.5037599035960385,9.244289106122597,4.869983759179255,10.937361926703149,9.520575849550706
8.931407815764628,9.970440543275359,8.576208041931308,2.0526415921485928,6.512158796819326
5.628434576220563,2.883336507406004,6.067829853014287,3.709052916171384,4.689281226946872
8.41698708505018,11.971255337697468,7.1989440919306125,2.327602889819848,7.41366832114022
3.9593072703672094,9.737142713465424,1.2624247346198647,9.778360004148434,-2.455666303565925
2.9135851113794793,9.957666900320143,4.7622567971055645,8.667242418971917,1.3326310693587655
0.9878145553547575,5.5606090781412405,9.304739928318451,2.932079556867732,9.546932812998538
3.351020456469315,3.7774991807050586,3.817528366830875,6.920905909349717,5.255278253997176
1.789710339429712,8.915573256830418,3.1390686461731034,9.970806595905579,20.93900305392486
5.523435622902033,11.221404107097014,6.992858208044428,1.9434136608484132,10.317075459021517
1.1285511299543538,5.985570782180095,7.279930238216083,1.734240872760054,11.242562881637438
-0.4605340822274311,7.4685574894374405,9.474744496023352,3.4956593861319663,8.420271008653426
1.0707220187669928,7.953692306037128,4.302965125137481,4.438901688092381,-7.05742437843803
5.3502331687243,9.75475855921109,7.039071485261315,3.126010121191033,6.282742580712156
2.387402544713996,9.520333193015926,5.682737530297751,8.919745496557265,-1.3585942878137347
5.486300301127477,8.825365846120585,11.628172583379785,3.7513964220649907,10.81415183805687
7.0372876145497365,4.582830384962478,7.732041930237281,2.6923709787494525,9.811332081344078
2.7766771990597805,4.700752739449849,7.107718877266449,3.8355150141739136,7.024063167902488
6.136238674802131,10.163746718106397,5.666830168592808,2.5871018912870634,7.777769209374892
2.358736007286769,6.460105107675698,7.615728612005,3.331747748137103,4.083851891920679
5.835997986174013,8.018006590729355,9.73076328122136,2.5396656966028255,7.07601162758112
0.7636153821070826,8.748823578997792,5.449814157634093,2.845556148489305,8.344593791780568
5.937709198263027,4.07221995173245,5.359636111677825,3.2981070226153726,6.381495245422501
2.3470276817303204,17.387291942056507,4.7101618058489665,3.9922491187117948,9.706413342705934
1.2559920995181972,6.814787809116163,4.239399256985248,6.548097733155732,1.9322040135847351
1.0220747898968827,4.483745467151099,5.2712766959094655,9.643426766416127,5.8698285171835085
6.531833688659571,-3.1318255097590155,7.518538046991265,3.98126079670964,8.528483394589733
7.627875508641823,11.582040579383793,7.346567111044425,2.66321828998813,8.466909663241028
6.35417890271192,12.196103797906652,7.572783134069173,2.911952654878679,9.680687971724822
1.9396045634849126,11.172344481134317,7.862142227154324,3.403948808228402,6.849788182748487
0.957544010218619,6.923553645586449,4.953273659396334,8.713106446122232,9.069741581070005
5.626445923610156,2.0574079647101424,9.223641308649663,0.5473681635013739,8.85355659576031
2.686635446394432,8.853445716707174,2.792760452445093,15.32132770908816,20.841945952469842
0.44241714326569204,6.8490984754047854,1.7901394671317001,4.366640878300974,2.520405200530481
-1.7286567266224155,14.031776770803082,9.295775013796533,3.0958914592006583,7.652589536742137
3.0535660358837458,13.623792769808823,5.911963141440915,2.6229101651947744,6.336064672313059
6.916175941771913,9.996729564824113,9.920809842009536,4.036138010946391,6.907295256636869
5.105271846613358,10.13099219006893,6.898093265765964,4.3654647953774175,9.719550909391776
4.086652788052308,0.5418328662820846,7.232218038722769,3.668688159278944,9.227387387646129
7.783832123299841,6.978978574175208,3.9990625380991838,2.691850617957443,7.2336227918195695
1.6827598142637186,7.54716167487107,1.8340221937328247,8.943410387923375,6.677105312403829
3.359970420953267,10.192388668261888,10.068726805333242,1.6125850334860863,6.295304628090482
5.390865016048659,7.557805428270223,7.929972575494573,2.1837587082303975,9.358111692603034
5.766829807591548,8.506937536809573,3.6310132541002273,6.663853474011706,5.014548175869416
3.7272173483539675,8.348208871059704,5.681992155101165,7.7039938754773045,5.528114490085945
3.439347546805769,-0.06792705299588198,1.649837806398791,6.4020851449586065,7.377563497432217
3.6915261518091524,10.42655400313004,0.7299570182568109,1.935426374008515,9.262201004756633
1.8040599519168974,8.685873694975294,4.860974765805777,8.342114552888914,3.5654175461533297
4.207288437923333,5.308745761650997,9.278844442757928,4.187800286016268,1.6194189054991366
1.1351508908988373,7.31838043867052,1.286016057927036,6.943976639765081,-5.332409034197237
7.274839868678297,9.889879160586087,5.871568319377292,1.5637900017437636,5.87253730563645
1.920874280743245,9.108283575583094,8.903072012944424,3.085661698570432,13.202101703621564
4.660068889089826,5.600681148773004,10.494679255227464,3.417958744503926,8.919987144985269
-0.8506344696275283,13.040290373082364,5.744595304905539,1.9486918079500974,8.923017736712671
2.8900644115689444,5.122137190952003,4.849203333542203,9.995008878354632,7.265474441350311
2.854289347833289,12.138702551117188,3.361662445488632,3.3067922758934305,9.611271952309846
5.308694478638804,6.2728999459513215,5.269648081826228,2.900505090990036,7.256743692780146
7.079170745067843,11.865456542123393,8.895088045135168,5.457756209689661,5.132781011440329
2.4421853186961897,8.28944822895184,-0.003928592847901147,8.348376604339972,-3.446641468414942
5.375008439515611,16.79054666253054,4.322772075554585,3.3113003331175257,9.823602636602415
6.385686573552905,8.972270899815413,3.707153905983548,3.883182607121837,7.074009471182083
4.815925117561543,6.7125768385510876,3.206708632816533,8.815004660469038,9.363987405063192
3.0918193043938964,-0.49661166323817385,1.795147996896806,6.925357112091039,2.2320220297612896
3.553945954047982,7.6069351910189695,7.592628903901327,4.7390277407269314,5.529701500416643
3.3769519186664607,5.182083560720756,7.301470146195607,2.84594864953247,10.066141592559632
6.282498368285324,4.346199961636662,6.284986991435255,3.2108154556655455,6.8671568876090685
3.9777348713509104,2.496257160582883,8.885455833189488,2.388521189454936,9.78498459380291
5.403473397230738,4.258535495968021,7.636187940853938,1.789294048504435,7.96089822632141
3.409066656142117,10.537238348486005,4.622056442730804,-0.15376628085409916,-4.5933537660136
7.176816934876495,13.240562454368211,5.504068779443549,1.9127941880073045,9.114852405912764
5.851507322295205,6.678772038228802,8.514796105175924,1.7092252585943766,7.946265619081633
6.860446590571026,9.498108475978235,4.572393038284741,1.603306171267192,4.953915932456937
2.4895726470857014,7.7650727245402225,3.1660863137198705,9.70217709117664,17.046651211548095
0.44165052762744206,10.688695209805557,3.8320832885818614,1.990481671188908,5.006218682036495
3.2907239537248523,3.104145368584712,2.9461464644136117,6.702659267626221,4.14517258647427
9.54254142542726,7.309856679093088,5.3833393500933955,3.0062933426400704,6.8638756643695
6.145782826553582,10.900546018270894,8.61131160808639,4.623965360269574,3.7165266235543983
7.3969603583144385,11.061705474114362,5.729649790573558,3.4502396965777447,9.285817325642956
1.6344478487222522,12.63134416834631,5.0671171266041695,6.4339014957431395,0.6913823145497817
9.257971110930725,3.5182589736988765,10.296284316206508,4.025991720763223,7.597164463931809
2.9850177472314896,3.4928991095656405,2.6469192688863137,6.2321807617425575,5.644220253448635
5.357125854791177,4.220110589248444,7.872477814723748,3.2744847526922447,9.104177603820641
3.0546866595060376,12.791548244006648,1.97159239362855,8.979487410433467,6.546796256069516
3.319507623649184,7.108202846490314,3.8016584962383,9.603668186736446,-2.327407577663152
5.458302614225967,9.18933326638058,7.278484146438546,5.173316973482089,12.151220730419006
4.294104152431735,9.697349355674035,9.842653896958733,5.024360713999,9.814945935497509
3.8222607794012817,4.39753688835415,3.0140546068534384,7.109249982714443,5.348085854089707
5.341851449662556,9.969793379620672,3.4126177468962733,3.334444244297916,12.009199883671641
5.964302009797174,8.441428976396788,8.341374551067934,4.136533593301792,8.56247702771633
4.226166410509951,7.553182275939752,3.635041458621547,2.711334335867103,15.372929908451594
1.9814977519730934,9.880060510969185,2.055017048852494,4.324054796987282,3.8936794625121918
1.2663030348375357,-0.5667323077880981,7.438187577874219,1.488937435006371,12.567865147838386
2.7689782809006163,6.041947723232218,8.035853131715013,2.1722900773594525,6.679969880134906
8.676615092090133,4.77418303047604,6.328015116906004,3.6356981653747757,10.007229442907454
1.9242580309336672,5.454596424778605,10.451720273219355,3.273312819327073,8.194380959571276
3.62518480320923,9.081740337821584,6.181614591247797,2.9117301676061547,7.075292857431074
3.237643835309262,1.4709730657317617,1.1441175516486746,6.476735198051766,5.684053713733986
8.626095476946045,2.6457444849226777,5.4033600077226405,5.545983361279458,7.193673526412
6.159169862706577,4.7646127470598625,7.4794974057114345,1.429649907411846,9.387731252291388
4.679572368163398,7.657944386439279,9.208773926675784,2.933065516906659,8.665094325302857
2.772303789715708,7.109857398239824,4.720017854834806,4.363048762243917,9.867397943738977
0.11497216885525674,7.487145571755548,3.573125107069675,4.664158712924825,-0.5088149456082434
8.050182422272645,4.067126038086826,10.719724732848647,4.062778834570855,9.955010760906584
6.784191142723529,11.592739782647119,4.07576198477894,5.1338342292034955,7.893650088748737
0.3259274361002129,9.776997018051098,2.448103945272236,3.8553374210062072,-2.563292112968486
4.326161182148734,4.296804082606491,4.7715220416988755,7.314939808930751,6.4175909500960415
6.43730031913984,6.58034106217795,8.537781678297153,3.7009935432162817,2.193394995695053
3.411375767078432,10.29440692090946,7.264108873117746,2.563166668910755,5.230685113091843
6.310904788194782,5.190587266041831,5.688515828650742,2.2811024661726407,6.2226600755400705
3.9040181739068425,2.9882155523570795,6.721504963641197,3.914516245880824,5.701652827563544
5.395439392630402,7.1397066052443865,13.242291046068313,3.8466193238350854,9.264282883379662
6.883332689473296,12.255626808115998,8.52335428761966,3.2038657352624487,10.032267317028754
1.2979418363310287,7.376858660045025,7.439630642488478,3.598478504195391,11.000733419620197
8.390937813795833,7.966720883859699,4.169081615667148,4.0900487483692185,3.6394335696909135
6.583265112270004,9.75164229062285,6.839658734388962,4.435863719919786,4.776718393487037
3.768575625330985,8.863548461795018,4.952869447390874,3.937379875176913,6.891340594433166
0.13427106740537775,8.828483323270222,5.482402403544869,4.680706904335748,-4.183891466308939
4.714551186051295,7.399084801066046,1.797962756806,7.7127860135601125,2.3553029509406893
5.090139600911912,6.141891052770814,6.618085914510851,2.4079656800219027,6.670735652064439
3.2693524760314348,7.918600847996133,4.056636811426053,8.74394561423142,4.680119330307173
5.658676416350999,13.073925590407743,0.9743691103324794,3.2812198707153404,9.584694290818106
4.485000358820608,8.242065685248983,7.449916593512127,2.6402229798168486,8.175497203747382
5.026147247765574,9.573724634896031,9.742703981733442,2.9918590741254283,7.449989224874817
2.629148507117642,1.7455955726046044,7.142666643374193,4.135249844285364,9.24308265146333
1.029751779060436,8.302163114722118,5.296376763414086,9.092352721389728,6.044724947284632
0.9719854694333652,10.515558622700054,6.009078629072018,3.7907506889833082,12.408620469996738
2.5003520999600277,3.317031304678102,4.342302225021152,2.8132958597382753,5.326529755756331
3.6310500552047347,2.8679526869656966,2.1752423520880986,7.029034352489025,6.036511432946483
3.226381861779053,5.722448619838218,4.264492514501782,3.0831422427476265,6.640735348572865
7.1185951922872,9.486247327211426,7.041739802001565,3.4051508045131906,7.5050698112176
2.441297646505518,8.723919729281084,2.8151654199518923,7.8019391906952675,2.5961318927561483
2.3575379513519215,9.519044126846868,8.863764654724356,3.744930018552383,2.4805181282519877
3.4519294131095055,-3.469017467782443,2.750324551161892,6.125629783806619,5.145944730393733
3.387189637906243,3.6762707876850893,2.831660126818192,7.184804373537245,5.519781262706098
3.279791013485786,2.9982826367308943,12.160962770992935,1.531030251098325,7.993862288372702
2.0726782369818895,5.332858822784024,5.096283764250197,1.0764569965290218,8.108143747807723
2.302983411775375,5.471108186037801,7.409606529826652,3.098185126522064,8.783505311128723
2.8370329459457984,8.853535730659134,4.438387601931511,8.260010314680331,6.966717828449067
3.2996405875832204,4.137500239962582,11.728024950456668,4.448536525059378,12.780500040371628
5.710075862280657,8.957404896698835,4.1534726532203,2.557914040186281,4.418599290144085
3.820946814733233,1.0143797422443268,2.9324423781126208,6.880178902899972,5.9057361842983935
7.905122626062444,1.587452406113969,5.613053241213502,2.347072666880183,6.720701090031576
6.587378732810713,8.521138637716978,10.25242848852957,0.782221352929108,7.064321267736997
7.30444501133025,5.183637245383846,14.50869500967312,5.721178459915622,5.088112440323583
2.39570639996116,10.556800834025537,2.1907828410636645,10.07073509132001,-0.9015351638179938
1.848446637063618,7.042698290933487,1.4270296848032236,6.274421664547504,2.1961354328593616
3.7350901321505643,7.57909088802673,6.350717820172028,4.644986367002757,1.7962066994503365
3.61668399879567,8.976164018424294,2.6820673895507285,9.326976829257568,-5.757090086825864
3.3737028312800303,8.803229030654762,10.389173958578809,3.6108384333679355,6.577324361332446
2.7340830984679787,0.9284376824539831,1.6144573162489118,7.268305126188973,4.354669528698708
1.1490476228398663,8.40475478726906,3.817621395698679,10.113790114279924,2.8614939433669284
-1.6858377554071247,12.879873525313856,9.622672126957076,0.9994555648679722,9.92010848727358
3.0129656872810564,8.64190726231801,3.643271265584127,9.723051022845228,8.401430421348518
2.5232534771496993,4.244801318284404,9.558165269591107,6.105566167377602,4.040413198540448
1.9477310525659859,12.666164318712879,5.804742662600862,4.739595347127259,4.990151502624953
5.060176270798488,11.102606297582334,10.925460387798324,3.353970734171567,8.655733132571275
3.334501115282846,10.938258637323486,2.809998193882208,8.914308723557724,3.2329554411378156
3.4453661430558173,7.529465226363496,10.599167736036149,5.672935221581078,7.035063624789488
3.4712232506766245,5.9724857390504935,6.229185510009208,2.6971877316883055,8.049926236648695
0.9126001358446674,8.350353433360079,10.678136191134946,3.1366501876740163,10.227285263411936
2.899252988160657,7.848594152834616,6.600338810126168,4.580732550629664,8.18281431249241
3.159992771764581,4.996427945441533,8.756868745640757,3.397794371604283,6.4216160881741775
3.602655198694282,4.860916526340165,3.388917699731505,4.188774311124288,6.749261415735126
4.443804658736629,6.633263034873931,3.629298137201653,2.346831723839456,8.355374552520615
1.6217578053714514,9.155286379433736,3.4496945288566914,11.009456404327334,11.660939388643937
3.9779757204498702,8.002658285253922,6.517658618366101,1.5786841951129238,6.778431160302888
3.914059236843915,2.9163769533429176,2.6058216200977906,6.144172669757289,3.9088385255182097
3.032619887925864,1.2084501184238703,1.8809748525278114,5.5116208375964275,4.982193294019332
3.8464996082323735,8.334705371402112,2.89399349727912,2.7359525048894997,9.913242948001882
-1.1598480954873862,2.1107657424109227,9.041205876085996,3.1337115707566783,10.624035725164967
6.452528601066302,2.080507577712769,12.253949660449889,3.6393454782273347,6.980178214626361
2.320553846709511,9.017480924664566,1.9353569179546142,3.3775413978627675,3.706566943463692
4.063786587768923,8.24440345797221,9.88950029481925,2.843158832464243,3.9609945403490867
1.7642772889067055,6.3027421918453435,3.4139991060450563,9.93857697408978,7.80008482633685
4.267022703875907,7.409838669497895,4.734513888790047,10.125424893335943,7.365335619689013
4.498175557301794,9.295752724312425,10.199352058173798,1.9044549970947793,4.463603657995451
2.879841272443823,6.2729209238601955,7.029707824637251,2.942086052625926,9.493448700471625
3.310273485956376,1.7217965172815661,2.9401899340556223,7.607451839331218,5.164138342793968
1.593331090595925,8.967149164767884,3.8768289421679323,15.527774326435582,-8.781238739468735
1.520552753104973,10.531435614390272,3.4739120153024214,6.172234697181515,11.86879287956868
5.521726080383801,7.640788444731907,9.382410033845494,1.2235981651954115,9.664189540093354
2.25136311164034,7.736686469504981,1.74191313085994,6.774724379844413,2.170625406932127
2.070736722293925,8.187541639949048,2.5850820817830478,12.212155736334962,5.336371449683008
2.0915470017792077,5.006630130531464,2.3664263180349376,9.156399578542715,3.34524437959369
5.408520097677204,8.74105027458668,7.77463916729793,3.852181274613694,6.646306804168293
0.06029894410356995,8.209856817984338,6.96343642435749,1.8545355621167456,10.660127190088927
8.052089908697054,4.388003329978165,6.489643841712229,4.141236428791087,11.394245379423449
4.36200904600986,7.086632422007416,11.969305776508634,0.27382507268837886,6.683472698185897
5.132810930203679,-1.1263151515958878,2.3912727638385167,3.9468295873215693,8.157021890048288
2.1542513781724075,8.748188377270273,6.395787833306302,3.2713298141693383,5.837571872812567
2.4104946761601442,10.222293085185694,3.8227754155602462,9.715766352408156,3.5786597417754473
5.883627376661045,5.220671398966956,9.912515513396105,2.677406535612037,8.269331314196759
4.052034367851769,9.123764998139768,5.745473934386686,2.1125108153278784,7.51768024443085
0.294064322739362,7.972713810386476,3.8266216155827104,10.261991260357357,-6.610832824200175
1.680637133557559,8.730467919975114,3.509369081533712,4.838471420050531,6.6298523434799
2.569281499483002,-0.0753201139533699,4.931765016792182,2.1929996081013443,6.809610559364131
3.4165613516041162,3.7469988726524117,3.9042863954126523,7.820852729368841,6.175335067463015
2.8726816808236215,5.460103061243095,7.717548319073111,2.5140845005168266,4.629023100334819
2.742042624140024,8.078687784400545,4.385725514202987,8.197040521420327,-3.8685243518027512
5.018899868239787,8.83847902763987,6.66888624998015,2.0502665098730652,9.72342602327598
6.691160458363886,13.539300491913096,8.409075787773173,1.7700009375154022,10.142329788702568
5.938204290069376,11.568115795712849,8.144184430791205,3.403726426570817,14.500817273818289
3.9870554726095686,2.079865402975636,4.036527789260516,2.641674994847378,8.035983625124953
4.649937423179276,14.130841313981131,2.6668764638419997,12.204654692277867,-2.4849209409624056
4.483646897362418,6.614286977065195,5.054426553701065,4.920757369215476,6.59775979647979
3.7631884415573045,4.8779863955514315,2.4285502007943585,6.83602230805361,6.456837890845385
7.3552677842220895,1.142902425275178,7.137636733691485,2.8725707616299623,6.921596566810867
2.706742855837025,9.931644971016809,3.203543361386431,11.397039081395862,4.08803008310531
4.213831533978769,1.3161363718397943,2.5084154868041972,7.806845789671605,5.421094722674009
0.50399676828187,7.832439584209717,9.913745688591314,3.112212564091503,8.570580027667205
3.3018960819864223,4.3734152678900635,1.7628253644950247,7.4158604033335465,5.612067942262441
-0.025185802127222434,6.179707981550774,4.26138123004303,5.952561266670468,5.196177930522687
5.78885353159981,11.913311638112978,6.210532096145073,3.4873843005345146,6.511943418110346
5.823993802431088,5.622260578383376,8.437570156753207,4.3478110792836375,6.013293728462116
5.295813677068943,8.336321007234167,9.732969874260267,2.9240544748867423,9.517399759474799
7.0088196957331785,6.021718419531184,6.703432925434535,1.432485819187468,10.342119838542569
3.9904546948716018,10.237182866683941,9.657292719931736,2.74402625466018,8.629081572251588
1.063178309207131,11.294660763943625,5.889443907792085,8.078620089803662,3.610431413310763
7.291601555266968,6.381602278071392,2.7901112796899907,5.2762344000719406,3.8593045599680815
5.636621087676074,7.4323537494712735,5.388022365221287,5.546721193873213,9.744257595743797
5.343980894547545,2.7335555954739874,9.613645701964234,3.763370064247292,9.99582074378031
3.8459683604357635,11.359899224270537,8.660441113042872,1.3843384828762884,8.600345495266343
4.297616309178286,10.751800946609475,3.4570429395300475,2.781923286793748,8.254478013173884
7.384105218464224,4.314211717784493,5.2615153803768555,3.6358590197700176,9.394127180597525
1.619337797106863,6.941175517844111,4.094603454769016,2.0926292829868243,4.421406718204276
1.9352542906354135,7.4267352985054815,6.1847285144433926,13.027450795498725,7.283296188642318
1.3023581599120644,10.33308891660553,4.367736551041923,3.0739259406132913,4.349424820949177
6.941054444219645,10.929870768886012,9.672469520344015,4.098052024910024,4.378288473750024
5.178727634703904,9.978952042361225,4.814052256738397,14.293217113231595,9.817201961508562
3.43360994122142,12.165999362760019,8.399568468625612,2.4636687198221106,0.3859808012996844
2.0713794357684647,5.440628874375038,6.578270312147043,4.923709283216902,6.033644941198078
5.236356923828865,12.705408943366427,7.47652700552453,2.120313797765449,5.33462993620857
5.773819680139274,5.978672612434169,6.532416382474549,4.4301703590324095,11.38730308143498
8.38038472628175,9.76970810073831,7.097127808083282,3.61997215059512,6.5184881149556
2.0637376763197106,9.447464170059057,6.920543863957781,4.0080083284196295,7.933261662965601
1.2453407809345702,11.026562084341366,5.839870809367658,6.441351267943337,3.7110729254790344
2.7502036337726716,8.901810070339588,7.848845519604755,2.710099729587944,7.561293576568158
0.553402199016003,10.015854094578778,2.9610007290377993,13.149227820081851,5.883626635056032
5.26580836302329,5.589847200508502,7.006010204746971,3.831088311412656,10.878751797616944
1.5193927629269357,4.380411244786125,7.573403587235864,5.695626599291812,7.858700237984203
7.145372475906383,12.697498714838897,9.424711150681286,2.2048577207969835,11.679500202781078
7.453120440351223,0.12330102394890918,4.258183326910138,2.813898563033242,10.154923839805805
5.148569840318914,9.501062787117535,8.417780457144847,3.475724575390748,3.566467771735627
4.507442598922879,5.4639508851328715,7.241270974740791,3.2459619992299373,6.26810653301665
1.6588215731689013,3.7663016447297304,2.751777945821987,8.730046688072328,1.3732413172068894
8.914442488874304,6.394612545555457,8.334494413753538,4.287992223241158,8.904090588023411
2.2241093891880657,9.57584942158446,2.4536424706284983,9.021184989964443,3.075274765425939
2.3961821475676626,6.397443665056666,6.450915401072645,6.982359081303338,16.3414663354026
3.2910533190557043,9.839927284169718,3.4194195663763876,9.800288806132569,10.995542609450384
1.7293805546215435,9.05673981897681,4.90590835347867,10.047524869762633,11.066043732554206
-0.38878190452776273,-1.830875005076451,3.91791627715479,2.38333117528378,7.430210084606452
3.293123766825888,10.852961040290984,4.511483046593414,5.79393629204998,6.707988745187744
0.2671112202717354,8.566315076432613,2.79603053989172,0.6322140240893033,2.879212548121081
6.0371782937025875,9.130529364262143,3.9858403966421063,2.5549830084897196,6.117031531870054
5.513646717843812,6.508285382321976,8.192570026684361,2.8890676320722113,10.40638471144335
2.246197981014265,12.139851866412828,3.475316764462823,8.475180021780194,11.111784056852237
1.8980671279423365,8.009657812702379,9.486453147370787,4.8716143476165445,6.656054356344589
4.467465474951593,4.01022252611655,4.022488840072195,4.120371913356373,7.668169336497648
3.402304110949326,4.659230071204433,4.591217114162519,3.7761836676869276,9.927709923681224
3.242507783078036,5.393863956773583,3.9818227558566375,9.109436618687516,2.417110161239143
6.068529967376088,8.578567547369817,9.479992141075702,1.568513672081161,8.569387626219763
2.4626027480255903,9.411694296522302,3.7194265544487943,5.773721126123364,-2.6944671078966707
4.706859387751549,6.982099834476308,7.10508702885041,4.082428506938336,9.289879425055117
-0.7852107574530494,6.511873353323433,2.903888137847874,11.899773172573006,6.699717750974816
1.1474975165329737,4.672862775386875,5.415302241457776,6.936501701371037,7.752913467912538
3.3469375783854156,8.869482895264618,3.064417222618201,7.5799468069679765,8.670722999320578
8.034740545550033,3.5960699831340612,10.522267610941052,2.7074632964373277,6.92549999949439
1.7295997590843153,11.2616144223157,3.778405295289262,4.946422934267893,14.247118137202486
1.6339099010016365,7.770046592314267,3.527381307394004,6.466341442532188,9.15322317144108
3.103734862028734,2.4688793176890247,10.070701374473591,4.771910500610799,4.628845610087419
1.205376111055978,6.4126244661847975,9.402330149257931,3.947816147732893,11.026181570946056
2.5388977796400907,5.832581479645385,2.781597926024498,9.276805043945407,4.089014382263758
6.000648313918089,5.589823381929012,4.673545478573755,4.375587099212398,9.091356263243659
2.9657780920061856,10.456160802892994,6.458666101762752,9.819414932200845,6.474186078998317
4.691751527000873,9.159507643102408,4.924383590683494,5.4580940568047716,6.734303965990868
6.21078304992691,4.171956121939746,6.343809301244988,3.929248884461514,4.534915119478418
1.7306341100354956,6.6625841982813565,5.874437388427001,7.802101437453572,10.527884326407463
6.332288730915991,7.9676046308599044,4.130438633881507,1.778080816867862,12.01068306258162
1.8488692678464902,9.150703677028543,1.497833841963685,8.206407283542697,-0.1605832783526191
8.244863158563017,9.559498800010298,3.983083182663127,5.17376246396154,7.570779556186772
1.1116501596538209,6.1347093585943036,0.8929929163487715,6.336588956396594,10.077211102056397
6.747633255424515,10.472314714099872,4.115117192404167,3.0755205818143274,2.5862642479976525
2.8100727576492757,0.7511843303475318,8.235247312976172,3.5363400536415153,9.083080913227771
5.28379672262332,7.3174282515158415,4.273246618619396,1.6486075302746148,7.988701225478758
6.6515775465522005,11.566254325906987,8.088363252338096,1.2921011178221509,5.748274137854162
2.9523238307483766,7.491360368116442,3.4135025771987193,3.559214233158692,3.838042315627095
3.476434514722645,0.8911063831488206,1.2507412373660562,6.97903289022945,4.895838567617009
2.53158720776301,12.690244490568665,9.115694063213047,3.488387411863567,8.009848896014455
3.1809347998048083,5.194120699509893,3.2400602217526187,7.405736063366209,2.9447201771934686
2.0330076106104924,3.9585236218689697,6.281517126946822,6.668993949177734,11.699097299267638
2.949036841394496,6.747578769014533,2.1956655050227685,5.410861806184477,2.7010292483856113
3.858980395078626,2.1564457091723477,1.427198367603731,7.4266599392194825,5.273615745523628
4.598044963131737,6.513513338186305,7.974122260051945,4.632885789129137,16.161757465702227
4.734486370691261,13.178247572241888,7.366765273896514,2.9003126264911523,4.031972689188779
4.044167885942311,3.809350979125362,9.597348291596806,2.618250687960118,8.131438271309678
3.835336012223916,2.898439526394984,9.943456509033446,2.222932904257946,5.640570242697142
6.92866066087295,7.822012032036388,6.52195248690295,1.760685415707426,4.720371086089397
3.9313178539471596,3.3016360457922582,9.439248696191392,3.6834483737441452,6.258137414738416
2.369935966768089,9.49166246189491,3.2016004374042923,5.138479567604362,-0.35446864412113044
2.533607020216041,12.302684182166082,3.5069871704394515,4.124070986983218,10.684048992592594
1.8954976250450404,7.073277298973517,3.9835454028248565,9.128275591537607,8.277912559707957
1.8849889624513292,4.081010401236297,6.451276139212522,2.4931439446106785,11.917169047470667
3.0399823719418917,2.105144712826734,0.16178340001779334,8.058140601534408,4.766628425095609
4.422031854881537,10.191012401144487,3.010915418237121,9.48349210591159,9.30547985497645
4.473443991588665,2.7373204780568576,9.35984750631298,2.7127136141973436,11.348207005423989
6.05451638345204,0.863858108324087,9.595044795876357,2.292973345984508,7.150652866063224
1.7794398199391304,13.99353684378093,6.052384852443277,5.691910428695172,9.955240734972069
3.080051325845511,0.9379411889214209,3.0417223296817126,6.132511159300463,2.972174145241448
4.076177089840518,-1.4718004716881028,8.27968667409689,3.4926484248844956,6.809556201672706
7.540185158651469,8.045034992804576,9.046747673363166,4.8927844342418485,6.104927101200967
6.739485405540926,4.105279788252028,10.713810730261475,3.28821376910996,6.3436394323650855
5.362386381679352,4.227811858877939,6.201653327153245,4.1646335777939525,5.291415335734891
4.601784514828851,11.15589833229646,3.4971395802586156,4.586144632505421,8.520014265765647
5.94161205628702,2.5282218843862,5.991822895948139,4.125363607906708,5.940103464922014
5.150128957025356,5.066381919039102,11.403705061790365,1.9519304835693523,6.764187825265577
0.18955008474221824,7.382515859533565,7.673687347243369,4.307637773970957,8.16867850052222
5.155153672833154,5.973531705245889,4.403346577547288,4.6686644553432375,7.612225990123201
1.469167980432628,7.980379066820996,4.602331582039755,3.9542125572093703,12.55446841900017
7.718998555361088,10.889437682122868,6.684734232305762,1.7635096119629687,4.046673820602443
6.501887998905321,3.0832459117917446,6.623469739791273,2.0679040395693304,6.938424768383079
2.933267725716746,10.066713299588242,3.261616703852132,5.3968913438647546,12.524871295893702
2.655088047774518,7.5657638310524575,3.261018660168817,4.3041928911155,8.693274249278259
1.034766325022297,5.444147825058131,8.398557149343619,4.960621655531593,7.8801769138379525
3.9565041216265397,6.773958230978261,7.051830163126386,4.076347890857023,6.872715875937296
3.2474948172858222,5.588214722010127,4.242343512906533,5.087893868401205,2.644466217612021
6.443008151033546,7.172418494389785,3.102058091906378,3.3478339499712106,10.960735585705926
3.5482534703166366,11.469923520185338,4.419284678719136,6.247790141756502,13.248434443867707
6.582452299756966,11.48674268197417,7.44878152205281,4.943616100020028,4.571929002592933
3.82867433011395,6.315884366621909,7.24209967816324,2.4556523314390244,10.700953439780111
3.0365720740408797,9.949137268266831,6.19613651004647,3.9912583469839245,6.07152652123309
2.335145908097882,9.070447362091054,4.757908220373288,9.163980340472573,-1.0780732474482049
7.26294815932904,11.121539833514312,5.658061445026039,3.1985886753135735,6.819747505617635
5.382804335746597,1.3426626452054098,8.147878540400765,2.0146987112749737,5.605140821758399
3.3156508406911294,1.7542753726222102,8.399509306534071,1.9524832472626201,10.598461906664639
2.807882081807805,7.028335515095729,4.7412954232083555,5.37512827839992,-1.1896779364476862
1.1778023232887866,11.277483371073359,5.873587100512104,3.7381509095874863,14.391631810242941
3.3743576437454017,1.3227699547309975,0.9298080361873204,7.656756252905511,3.579515535188012
3.619194458992462,5.689109104514905,2.6644034496399964,6.2801030663847826,-0.6224912400308744
3.4690561420102886,1.8930594230330453,4.420804753980274,6.362094344934276,3.4557070288769625
3.485344666963541,9.54047772584309,4.8817470331266275,5.646749715607758,6.0123595226029165
3.538287515903559,5.508285307187613,6.925299257692684,3.1593206552589366,9.099497439986683
2.4102880577057086,9.123448771671836,12.000401112068033,2.5989143071340863,4.506850505615584
4.772730859271156,5.495472432265613,8.900211809991564,3.3589432938736454,6.859893423309974
3.025370178900469,6.791366399694078,8.073894728877304,1.1317162237293288,7.72320340099148
3.2409997216065363,2.5374567859012163,1.9357882966462931,6.696678995762021,4.777185169881098
5.610366618870972,1.23233423432979,8.465366016145767,3.1932499808745645,2.7563069498493427
4.350673801554306,6.9262570467446,7.986956101345142,5.316051526992771,7.536290030779454
4.814590620857576,12.19656064786032,4.415242798919444,3.8691689143916284,12.814146151801209
1.7890811384143368,7.160209858483036,5.149870253061304,9.446235397600457,2.1284127409264246
2.5952027302363714,7.682555021169166,3.131207529977701,7.970345495947705,2.0956555001338777
2.1826259066019493,14.7199788171025,8.69577407327334,2.8912111856790257,8.896053919177188
3.4652102190222696,1.1653467111645348,1.532072125281414,5.666621675172723,3.441343477568459
2.546855440368081,4.694576754183506,3.6291717775104457,0.9501527813991952,-8.292780278242587
2.0878102716232747,9.113335625954571,7.242997669617927,2.6320422399688606,10.824741393600503
2.9076540449055157,6.794526400537736,6.485529573609975,3.396075086453426,4.954344226642236
2.643456219470214,8.388031524203527,3.9861864864709324,1.31561615855226,6.850124112102492
2.722334494862212,8.70827991904784,2.801815732262744,10.130717411172297,0.9623083049139165
12.325343034620342,10.731832671295138,11.904853954950163,4.530452199492661,5.603362766346649
3.3021379088825684,0.8333095524717546,4.696772475000813,7.128941222436001,4.662000791264957
7.3580565849815756,11.148584580465993,6.2816406766572515,3.6356337555577745,6.795276614869258
1.5193303862659757,6.704390213355556,5.186679990427683,6.609686762493784,-3.7065973781754096
4.958982971841678,10.644102285591986,8.671613925565662,2.4415850160542187,8.267457201609684
5.676312404385788,3.9236813874637066,4.976112819657423,2.8780186444845266,9.187373478825586
9.753374249373465,3.816765045257978,7.935970848849369,3.9981345095573224,5.232761836517474
9.135884202190194,11.315148070814676,7.895458989292978,4.026609384646121,5.091612188319672
3.1228452820382895,8.703520458712546,5.012475530188989,4.43527236309341,12.657700189275204
3.1715922490726856,7.070228371568708,5.1669032208175505,3.26951824998434,6.749793582717079
1.999234608133467,11.936802860996508,1.8430179151442276,10.460458952349827,10.830713716557813
6.680061905797528,13.302638795223409,3.7416573568326332,2.21064044936914,7.657171924066258
0.5211876594009077,8.025067157201825,4.58298080589854,6.506244475405837,9.184711781782473
10.162070709475199,11.65976663118907,10.735714036662841,2.5104614936506677,10.47447736548191
5.533023279135606,6.111758976893805,4.714675614510518,6.082785509613863,10.571815387843122
3.7098576254641022,11.424926954955527,9.003579588638734,2.6567348961371304,6.035797049110013
1.3065150669844643,7.971931757548952,10.104563916405505,0.9245196158992139,7.437139142337716
3.72477734180561,2.2281607342140566,6.440260229330546,3.4189038405736376,3.390903285131113
3.7311790995590153,9.866075575238343,8.383300428642233,2.8567257553367624,5.783937204219114
3.4952792350885735,4.239679052102925,2.320063348739147,3.0798314080466844,4.495166674190138
5.288124856454163,9.675651620924198,10.92352978383789,1.2857815924065659,8.707140140378069
2.275053461644465,10.581491389926843,5.907801537330151,2.4256386129380356,-3.6657341140597985
4.05828027991735,0.7861120750400925,6.108749896823991,2.0879849312055407,8.422395881250026
4.919284928893956,5.851669640952366,7.202047053724819,3.650359639810475,8.911007363915346
5.388937796918813,18.03737145511418,5.2365585523739675,2.9422440439865847,9.736170185399152
-0.6452344838556812,7.175430423721554,4.340979851390002,7.3814229697474865,1.7514142819680698
10.34056588671044,0.9901215281484044,5.491518918663019,2.20610738133745,6.055511800252161
2.5724209605982065,12.654792960240307,4.909571211975143,2.844879292924816,5.792461880617325
5.420587900114142,3.9723274034700147,5.297647305326443,3.224298915519908,8.760165835913032
5.234959201328371,11.145746353035163,5.977203002236271,5.77409961854883,5.088840573463102
2.870674826365537,2.3033482770982845,5.448107581494659,5.863758672628194,0.42394457656895934
1.422507106953073,1.5433633211342315,4.5175023506979795,11.313169001470285,12.23980749718151
2.286598387052738,8.101077084773257,4.251670401930749,9.064736121035885,5.330354789617124
5.287032731432393,6.114295120928251,6.425648553033758,2.6731208144406153,11.170312605592978
7.1313230952903695,5.449363660029478,7.797549862270203,3.4164724561712436,6.654047331946769
0.4416029518091289,5.917138631965116,3.531546709640325,11.389807176487759,8.47876606380187
4.218802619725612,8.560793715623946,4.236008482961353,6.45457904135467,4.872379067739646
5.4543853752462725,6.015562255157268,6.825427022344045,3.3240720407407363,5.657784134242953
2.526431225551936,13.114590873893139,4.162387318216302,8.585938891414076,5.862354559470647
8.091574816725576,8.870597196876089,10.131329449255043,1.540246389570193,6.906961139152105
3.5980543083241607,6.828164936130485,2.4498499734550605,5.353014114441224,13.161764148982394
5.5589625596788945,11.835344071489171,5.567453518816726,2.3969836584395137,7.982675625943439
5.995891541548642,8.451796701997866,6.803687242716939,1.8340893633066093,7.597324086961946
-0.9475233737474795,7.506379316296466,8.761530470115549,3.5328215253381106,3.3229155225938314
3.6306563759859327,-0.12987715721782367,3.2558284358388,7.1647303915803136,6.818924921910352
5.50114483913396,5.680042829415785,6.328076310075046,2.37032714684713,11.13987549625789
1.9854215970649811,7.042786596355866,11.551105154476813,3.050660220439285,4.289975492454081
2.9403504779761422,1.228580206257896,2.0889592234683594,6.9283900146843465,2.4503385746058557
-1.0071537760582636,-0.034912938637345015,6.929095339058458,3.719294226913635,6.569608109586715
3.2725722007255467,0.03909922049781489,2.641809502036507,7.513445442400002,3.7218784705803203
2.3654135284874176,2.377251843161563,5.126018274168539,2.990030283947934,3.4503064742754654
3.196816811250328,3.940605934290317,2.2527763025379626,6.226388069440975,5.458826690392465
3.5158304351425,6.167532177710265,2.9022362367712438,4.900096720486621,10.362391431373807
2.117620475906879,13.145556361362221,6.040688309457137,3.9765510893713687,5.543930394344965
4.469246770656108,4.288478695831046,7.884658872789843,1.1109398366911334,7.904100052024381
1.313483930047405,8.69472749191536,1.6390792613214538,9.252663945430381,7.375731182452434
6.891202543769553,12.602197769763222,4.974097554135611,3.0147613553457138,6.055835285633011
3.0632602855351196,9.854821070166173,8.536795610375954,2.298993099170505,8.500407074140178
1.8019621744421102,4.507471382585102,3.171855983236741,0.9381686916560765,5.785302982450095
3.6493578259068244,9.62445498202442,3.0867376214193327,6.757902915510725,13.418670243555834
3.5279310899026948,-0.4566503518901901,4.82498927520372,7.033426922241078,4.055361478301229
8.627858096629097,0.5597161506024433,6.154619943156767,3.437587222753443,8.647027496727116
1.046740790841585,7.710101282700311,6.378834959906172,5.380214778457611,8.478490953341481
-0.5995189434556534,9.129422881037364,3.069681738340033,8.91595823722898,-5.701894110954711
2.5622950825351922,3.432888438644226,6.080338194290265,3.1047662710664956,9.462017898363186
6.66837245190594,9.495197892759116,6.796051482317579,2.596076101277785,9.147825633927473
1.178251278766015,10.565437429637695,5.88142285052798,1.7184679978031148,12.55584870862359
1.384238284788692,10.314790570227185,2.8471219715872165,7.223521022001299,2.3184908002527123
0.7430633305838374,7.515044023889805,3.423950226651964,3.7906285757480758,9.703874411309123
5.615895037840163,9.053974996836661,5.871677779016787,4.457479863889029,9.257655466530053
2.5465496304086455,3.46554101617273,5.414474905063039,3.540803816406564,5.43980584385471
8.894620591858517,5.824379023018908,7.7294829893607115,4.071896411957215,9.306517482099322
2.515885321997339,2.8007675871282087,2.4467485391367787,7.5371574727943385,5.507639747343041
2.7267084827685952,11.464550174315143,2.7925950497469145,1.8545902528448792,5.286214256547889
0.8544616782207171,5.048210154363044,9.364228549454769,2.0617587927637473,3.256050240590813
1.4867619052635623,7.770181486561106,5.204497861215038,7.186202188348215,-4.240998413200337
1.8018145948638233,8.061572245065713,7.2196486856247635,3.8444289857509792,2.1659832258363987
5.460774739850075,6.250212933285812,6.277942373004378,1.8384924806691612,10.175349643569655
4.190319175529,6.633754685322198,0.014089480052778658,8.008594506215942,12.65249963192789
3.7092240273595567,0.13473143148376732,3.732297866535529,6.838179511612051,6.217390286775609
6.362378589320728,9.547109513220398,7.994495406406624,4.166189438015995,9.322511481193686
3.17310178485466,10.93218479022142,2.9590728580430334,5.278952155046852,6.7870649120940385
7.7244253098057545,3.3940133077948964,6.595513720162895,3.097755028721086,4.456281999845597
2.9673965291687994,1.336501195060766,4.256581836712471,3.4135347440433605,8.663520841174325
3.2828827327691283,10.33074431692167,4.227872392396103,8.69407457098073,9.938305389232747
3.6926692503690464,2.4030980190219844,2.5087180146175703,7.639818920337607,5.437104504465472
2.7868892638684404,12.14164482324376,2.0064961287286494,7.134943489617397,7.767321351811933
4.349699210868541,7.313323062526647,5.622357382751343,10.306131890504819,8.38541426042116
1.42367078105955,10.800911991569539,6.764005078612561,2.9549497349454072,10.015567404924116
2.201049026947385,9.011328969387094,6.639080371623455,2.4995808776400166,8.206816825247113
4.2333783886827225,3.075599481476477,6.0336284381434275,3.587942583437334,8.486489133763714
3.812547998301061,12.579344880600786,8.584457733042692,3.3888389868089925,10.55569520463414
5.4301698873768265,7.518502861903585,10.411820436210366,3.86276956207609,4.466633148691484
2.8191143885444925,6.4860989459955585,5.921911052225414,4.793170756603218,10.23801761028001
4.172114334247452,9.945145232611011,6.322568039911078,3.42049043984002,5.952885756714583
4.974870011112749,5.050948883635255,7.998790567705814,3.316546495257894,6.537403422537111
2.4996867503191513,1.7657911407736915,3.3971653989845696,7.681438479152511,2.592799390027236
3.1456492140157497,3.6043650186834832,1.7041471899503315,7.31438279609823,3.4143932362691
3.334507727346689,0.2961592289358346,1.7881555165731124,7.732506777098062,5.581919075514177
1.739913044790124,7.974513583760022,2.600106213346624,7.365170453806452,5.387447597792997
3.1377159255232008,4.198544863173105,2.9733783084034107,2.7238131316818692,4.421839712141185
-0.7163815772608206,4.114989074694611,2.6131368843934224,4.9632711473563855,10.7986105684066
8.511790641540273,0.7551759149041626,9.111788693351016,4.031260949831018,4.699176450414624
1.8905588804608116,12.109719820033693,2.0064345987875782,-0.363906484348985,19.804284589153433
0.11397075560664405,9.174183702490083,2.948073111543531,8.775669237914721,7.278407624521673
2.237431588008285,6.750550160519637,5.186618940724019,9.944026639301855,5.606218507462519
3.68199206504827,13.843890857621275,4.610491054733279,4.5224021866185495,5.5584695746249455
5.836397868667989,8.299363384120808,3.9535573870376237,7.516822912744814,8.077325340468716
4.804512933868443,4.4372388455056235,1.6218926891923964,3.7784924068091343,4.367434048433866
2.3636300027347126,8.248198072100186,2.310436082794624,6.2452916184595,4.062215313910048
2.2401068203274797,14.725626090386148,5.668710510496009,8.93421976464924,9.415451427794498
4.804386049331629,8.277785972682246,5.657570679364683,2.828051311619622,7.733014105794444
3.510648459809558,9.726431601553124,10.073849522386,1.990569622267953,4.5636346045662215
1.2638484901803126,5.209674710146434,7.1326240286002,3.170493120321514,8.571771826307307
2.2647432555832823,9.41083474404521,5.0057542857421815,9.160595330774063,13.683963761835479
5.6847528727058485,3.427614588153796,6.70283281211055,4.1519694363655955,7.748138991727283
3.0853270233768813,1.79140925641999,9.06804200007048,3.0108208811574015,1.2267505149276978
6.195103135498987,2.7122602667854574,4.736816847115688,4.252848350076965,8.181900389193679
2.133147697767655,8.894005396548012,2.9436365667880438,12.17254839833506,5.192307602968192
4.548411829279222,8.087776454187727,6.780001323889704,3.6304713507071655,9.238988865641362
7.782554039430194,9.648479159121504,8.441194541474033,4.511657924297189,6.383156484880004
2.3951105126521903,4.837482759786859,2.051325831021754,6.807704841621964,3.2902555090269088
3.442469630986877,4.1797540761662555,2.6280888638146624,7.175109925803527,4.040654728333294
5.591004995977397,11.52217664321615,7.0443830294575065,3.2802445098926265,8.249865377693485
3.5684853999863932,10.022614087996061,3.128280200687841,13.550124096447396,-1.3553284887050001
2.307353599958646,4.453092729576297,9.644132686869712,4.036534167672771,6.96672029841127
4.203328322379177,7.65232631739836,5.034252949202378,6.4865165197237715,13.4659072446964
6.380904902228239,5.677731875333346,1.545833344806935,3.4405699570397017,9.561265194902692
-0.1932972339221024,5.981060815640494,6.8010972526328555,3.0240985246484597,12.257402032037682
6.509404833268803,9.910938650586102,11.808603765310165,3.806301309705776,11.958406456292835
6.9886204422052565,3.7761082128555974,7.777829793819617,1.2845232807792235,9.350341943810486
9.175543852520448,10.300116477858868,6.576716553932945,3.67801603800741,9.878768470617795
1.8585302146332392,2.7587344269587932,6.864385503531112,4.327869458267675,8.180887212853305
1.8986673788311972,10.133754711237554,2.447408720766492,9.457332234319077,8.310262962250938
2.8972281544102803,8.689596009029474,9.338139961228329,2.22159487538862,6.864177669859583
2.1831192331417153,8.463683463327417,4.860417803978398,3.660454585508873,1.737825988676637
3.4708531981268465,6.789641941947892,6.022534024558938,2.9539841957510706,4.679528261451518
1.9471315294795977,9.556760222395205,2.2949718412723374,7.458733475151007,1.6024577056164007
4.288977093777186,8.21846849685071,2.961658087918937,12.20743779294094,11.08100149751284
5.434421453959809,12.505019930334774,8.925032571688451,4.203047699005715,9.157072094411802
5.02274616763647,6.269377029034191,3.7781400821917575,2.4821327288669917,6.4217820532180125
2.2478570549536867,9.936663548193334,4.694803687300867,7.002311298218531,13.000320100401881
2.464039636637284,5.528008282837275,3.4967234689082756,8.086513756902834,11.896763235367741
3.2096532319805036,10.110983677680181,6.1875053853474675,3.864784580892617,5.617391137391543
-1.8464386757732365,10.78828899654681,5.360096029587415,2.426595433432645,8.213574896130435
7.789115646634757,11.564133157291018,2.2974555395134395,2.4026556465532893,8.830271396133343
7.552517799528817,3.8059762480869366,4.3919833632996115,3.2026914919671303,9.52657238773445
3.3430237277398605,5.919917793147851,4.512367348180797,7.42296850869143,6.144162605414563
7.95034526515356,3.900356044201002,5.199865441139879,3.058239320930136,8.022623181827603
3.2634082621288156,4.459251099402319,1.9405019455952592,8.1284006822288,2.3494783270833737
5.6319719684100775,9.557428378149792,9.10607250828285,2.2837818622106942,10.613296673617887
2.4014757552037866,3.516832671656761,2.435639515765554,7.161485708747131,4.597790810145574
6.207455781475422,7.326718369492323,5.53285509103781,3.9033100211907,12.116976464882583
3.722835008278013,6.684114384454643,5.128868642220253,9.844266606531157,2.591343743218888
3.3162001444262903,1.716425848207071,2.8471698906438765,7.210501078895408,3.887564232460337
6.727786765381415,12.035289210140164,10.93052234331089,3.1041694218436606,6.126086344014255
7.54663769981506,9.414593281161078,7.075618546405881,2.3357054012737923,6.300975557826527
3.459934874279461,11.269701563371132,4.841142721992944,9.06155378586811,11.100794618566724
3.3059659860554627,1.5334735902212837,3.0545890522119525,5.934456920521218,6.4134071657941565
1.9966007502290217,10.643090293569674,2.4845084763708396,9.82350374128436,-2.3456647967960036
7.610921176845977,7.314449961996795,5.104273667961644,4.217626108376095,11.25925287662729
3.6047287169231654,3.6316271400833617,4.074432258835325,6.035235949576883,4.379144468353774
4.316829386933139,6.065358633475103,7.536473976930989,3.056873633554636,8.242385269339469
5.126877588997106,6.1838561288723835,6.641230506657173,5.099147542194917,8.364781460367785
7.46740417019053,11.334219697413122,11.283336471637437,4.5100311767534444,11.169301595205097
1.0957400953950456,5.454635529196373,1.0783239972286882,10.951647699636272,7.449844456970746
3.688268224862605,3.502751567286361,1.8858304572941833,5.894795839544841,3.7231854857583784
8.711265779571832,5.401647109655574,9.186349777800684,2.9027912278228065,6.3397048724768155
4.785633884442474,7.282940974278124,3.0236868374564434,11.103567192414536,-6.398458757045807
3.665775114649979,8.922347521255745,3.9211525429870284,3.1874174061761478,5.411833388165058
0.5481721925468452,10.500159240596808,6.495479792529661,5.08220995361363,5.24063662047843
2.1505239300204577,6.540544357374638,4.867707262628,3.1366778283657357,5.979662579721495
5.262095834960806,8.090442595138747,6.105662838220968,3.8418751335574077,9.683634811704907
0.19812612958294107,10.962650022418668,7.902112229209449,2.7484196438641697,4.782003232390329
9.698526790682577,10.312725911394582,3.8409846489171295,3.9261460460445967,9.759826294569695
0.288292401112499,9.699245108631278,3.4036500166918118,8.561132742908196,3.326905471799664
9.325788855404753,7.901849743509928,8.292149269400682,1.5229927866213082,8.686938299052024
3.1719364008004556,6.263578495579719,1.4922113149116312,5.052291579744307,8.10321371468239
7.72390386509818,3.495180968879128,10.633480695733116,5.234307079224963,8.354068814456802
6.979901273117922,12.512891190394644,4.387642854949299,8.091774690936028,-2.1285518469925453
4.176648261994439,7.320636710652217,4.739725049572307,10.460863703843732,-7.998449866642298
1.4267778677398444,10.58284175287493,6.2985452006610405,9.850478235155938,-0.15477939262675822
0.21076307049968968,5.166714182049299,9.943573663091094,2.4794495736100086,4.381218167522668
5.509020724313711,6.615880127116091,5.476370355247555,3.5283997296239775,8.248785637795583
