2.14459183582026,2.471383930386586,2.7474767512857827,4.677025267860106
1.0812834019484954,2.10737112916724,3.8521745511924426,2.1276795098076695
2.8465206945776425,0.9600984982632543,2.8398992375526593,2.4202594253800305
1.0290192058391487,3.152520951099315,3.6972583536734276,3.08119273259513
0.7135165377420716,2.797341061891208,4.157430611642242,2.216499800915769
3.1095260356704886,2.6710130900975533,3.140332234593762,3.8178755787001455
2.043604542531302,2.0075693646186092,3.032045822296374,3.7162029149738944
4.617278494955218,3.6700127795779487,4.0657643320083245,2.3521726619217116
0.36813297429853487,3.5029808018928263,4.484842338530212,2.30913545685753
2.4546009385704224,1.3480965498513409,2.5419463553042445,2.0545102858550015
2.5349332821828425,2.4681337800241323,2.988299525299145,3.618714548333843
-7.244822053963885,3.194783281420538,3.9436000110888245,2.323017323931649
0.020571717552587687,3.527628368839878,2.769931100585489,3.5839481169172274
4.202110662578702,2.167410534564225,3.5056863768362385,2.7753510904289733
2.69161861865188,2.352603112092481,4.020320319036316,1.791994610526434
3.714418070238205,1.7850490014150355,3.7374615623700604,2.3889633434722075
2.4454729574772425,2.3365520908928286,3.3243620450667275,3.032924538429991
-0.5526407396218538,3.5371446851433253,3.6058012724543826,2.4136495948122545
1.6651912120441663,4.350638433461741,4.092680556923004,1.0715989762481206
7.022813514242625,3.1448994281127023,4.030840681626963,2.221789395963843
5.23773646622771,2.113705780769565,3.824300516507069,2.7291323891599775
0.9821791278833649,2.9872142209681005,2.63734036215262,1.9394695901038277
1.6354609693941273,2.0310141737327756,4.0424038989916555,2.025398419241382
1.6869485381766816,1.6734096502102216,3.208466218231189,2.2361162828704755
3.524056426798202,1.7174949996680784,3.1281964060465626,3.1534350106314943
5.06047612894786,1.9670967580115017,3.5920385703333486,2.8349753882687585
3.1188868126834186,1.865363822250702,4.238735160681996,2.8679609877209797
2.6133151525841045,2.852746539808384,4.588262096784621,2.768849161495135
2.288338230225914,1.895914343619905,4.14690277827533,2.017938173393592
-0.21811304250298935,0.7235896555293901,3.1880900580158977,3.5293046444867007
3.085082261237261,1.1229988288772021,2.6596221806592495,2.909018457370849
2.0684887150915907,1.721416257214999,3.492384848646362,2.5082653272846143
3.682257839349037,2.114428222920653,3.9574874438544803,2.9289082808675095
5.855998915839655,1.6603679603375847,3.9690069975527953,3.0907036136375314
4.0418516914624,2.18655288393723,3.602653334172919,2.077096040759641
7.924810881078649,1.7860716128085115,3.66097097837317,2.486226023639192
5.013256911565544,1.7919973880580544,3.48736173037375,1.9160825732642408
4.014962700524626,2.1324699296015854,3.6746718308163997,1.4554292924234784
4.450014114278533,2.926317962128313,4.166786671562661,2.57191190709747
3.1023786069093666,1.5827743611659173,4.269350441849745,3.496485569729995
0.7171034209996376,1.7375908048723074,2.6020260849430694,3.1511924014429313
5.202097305086711,3.179896616192415,3.892322335306116,2.0409527115502994
3.9257698214249106,1.7491578211307426,3.801719961738034,1.7653353312740885
2.057566574231011,1.4094332845853104,4.1279799660430765,4.227475449343306
2.97665143956395,1.8967775534217266,4.168042143731981,2.3120346649820553
3.18487777995695,2.401263569642352,4.5706363916602735,1.6713842783043587
8.944654383913152,2.9521408796705453,3.84946966423667,2.3939054502718498
4.10489799006744,2.0558515762332807,3.8521107498099285,2.0658001178040624
2.1800502045127583,4.423705644377168,3.8248459954925105,1.9512868347313774
1.6942515673987006,2.6796599008320205,2.8713206216241662,2.96101175644211
0.04980884023515064,2.050066714734706,2.565406938975287,2.680137359904093
2.2372201241311855,2.1180841999918165,3.2883594330895902,2.1439534010037846
1.5910439212404683,3.756785427548592,2.9741667416820996,2.54986696562229
2.1796871092341004,2.4243674111079794,3.4277554958942313,2.6701475774481187
2.2971472948101956,2.757297966920945,2.8597559305927787,2.667538104760003
3.2681262549610057,3.4423737422839555,3.3297990083939215,3.002191612122166
1.9532943134632035,3.8043275574792412,2.5003948769308426,2.322820270823093
0.31044756737333623,2.842743080099691,3.533480877537524,2.945825291733029
3.2116788214564513,2.4347284153176663,3.095759714368638,2.392157492384929
3.270239506104496,0.6807327321643848,3.2721266297557996,2.7470573803600544
3.727097393701221,1.689201640699275,3.4313929854153002,1.963298727952738
2.9590200423026896,1.8570900764998028,3.8733859608854564,1.8037142069448828
3.9006272167292693,3.5208965264992362,3.2002123286614426,1.9025817370005011
1.641526880357159,3.4647859051802294,3.9929578765922806,3.8426468130936
3.2717120323056363,2.314434965175976,2.9745544267735706,3.0496357091199715
1.9520301399566582,2.1773843429423176,3.8566442878473906,1.9689807347634072
0.9902942002201507,2.424346110937906,3.8856671437773267,1.8660879925966884
2.282223959551837,2.315082265610157,3.824960138006942,2.760781194156061
5.2082697333778905,1.34560049649461,3.6900218828287765,1.9926273930080005
3.39784207580668,3.476027541812967,3.771594114164155,2.099961101088552
0.4009992687188153,3.6896126558442752,3.0807491787972157,3.5584495679038324
4.020369594633534,2.004954011004661,3.9605436486148062,2.4062933419006405
3.8631521289856097,2.0832950512804684,3.574512503332927,2.2708000486390385
1.9397977616704942,2.4046031549764635,4.21745065037855,1.7771736669525284
2.661196021809148,1.94690849578777,3.372713038233248,4.084724083608439
2.8428991891843065,2.0730311919912143,3.612317985584609,2.1657602775100995
3.238844734921022,2.252244352926717,3.469457446665718,2.647278215817351
4.685666064716263,1.6840768234254144,3.673790062710558,2.3852680883756157
1.8402942737521442,2.473977768933484,2.9227906781235253,2.050210732132274
3.943600889989563,1.8578075713948121,3.6738893886146906,2.1475721312128586
1.0883867251747656,2.7866642292230104,2.2583761001649383,3.8305714196818648
4.593319773381192,2.3311936687304438,3.863763078317857,2.5596232673914203
4.179380034199454,1.9087893874740338,3.935067734767125,2.547256233598082
2.2867321197919104,2.6519698493840522,2.0714454509498452,2.180927344926847
3.974462681907206,2.764886140355013,2.9135044439696705,2.686968630991565
3.6363540667173715,2.9370997764420452,3.8969723559487903,2.358072115942226
2.277633336660635,2.9065747366712444,2.744000146750247,3.1129535272369204
3.267043954531307,2.675589438887181,3.787841530887609,2.307857459479208
0.7596394988057318,1.1505131455886681,3.0020916863036966,3.340811265333921
4.909563100469298,2.7088270303141897,3.8096104514004514,2.143817441506457
2.0280624454474676,3.2413423880288073,3.646335820679419,1.9326057962835885
4.1205865975346505,1.9259778913813912,4.295698910438352,2.385440646395811
3.993080939555459,2.398022759269188,4.241928975391654,2.14644351999911
9.07121150084323,3.245788251871334,3.6053374607236033,2.7910633963584472
2.852396196895932,2.0599279952622913,4.06710761171383,2.2860584958795593
2.1143538758617364,2.4209172430082933,2.906671864795204,2.8492627187181547
2.5209140013544395,2.329604713631892,4.099357236260033,2.032718236386887
1.5511198277163998,3.105261194348247,2.943350988087644,2.344266092880932
3.9304908960954577,2.501726657296314,3.7319182592876943,2.1796525499336936
1.957955413528608,2.069462455178124,3.4511966702023007,2.9957387995869014
3.5426433854917296,2.2502143932369947,3.6129319096815156,1.9452331583239424
2.0456773163186543,1.7704143721150267,3.8951337938700985,2.572553032567313
2.9283702736015345,1.65002733270642,3.5139757520468335,2.389971592199698
4.160719666851599,1.7316617048091274,4.192149813544965,2.319320741240932
1.3735667949175838,1.6308122166881307,3.817880707947116,1.7002016384808423
1.7688094964755554,1.4987477295049847,4.105898813085466,2.2408676285165536
2.125620498247154,2.350886131610725,4.349575936286614,2.6730261244655478
2.7089300048747544,2.0544308909274465,4.148514929722919,2.766344738622545
2.967839658304437,2.5791565400247163,3.9520216701131408,2.513894117327875
1.3047206077600508,2.5088999081722174,4.612710053970009,2.2709589535046724
4.244482327587124,1.706206906716666,4.062077044409989,1.860284472854353
2.020991033294096,2.0296346963333143,4.054393692447306,2.8261731523569114
6.1175276544463575,3.476683338625838,3.6643385201245824,2.4390068275609873
6.331488197540109,1.8205772026833567,3.4700843726698594,2.149984873776395
4.289521236446106,2.488758363247373,4.262858725177686,2.3080316633301177
1.3210377984347614,1.5876771623449808,2.9428147905585464,2.532137126604989
3.177147549306109,2.246697732510048,4.017097809796128,2.4488179979630567
3.3330555983359065,2.137859567800137,3.8220978623755677,1.8592604391105794
2.1219323946400626,1.9556880407392578,4.150857957976817,2.640776336454183
4.143380329299053,2.924368879580493,3.732086593804108,2.4499694617271706
5.526072632180691,3.2209931057311127,3.4880519116892192,2.21386349617457
2.805949672377845,2.115098664522828,3.6059816398548405,2.310719346525488
-0.6290194535372651,2.8815526736400168,3.9324565735362347,3.005080351642834
1.4649027561920382,1.8440254883321092,4.039799381578654,1.994889165809285
5.313085365047446,3.541869641100415,3.7098187251983332,1.7513755316133595
3.270710564646945,1.9327126312848346,3.681801029261056,2.707861403833073
1.3750921170908954,2.1272814348262172,3.163845753660863,3.203594070620649
3.002363876172204,2.4699159388172545,3.41333357640724,2.075104465101005
1.868462766999626,2.092880650228048,3.0350564695876794,2.9156407644227293
3.0990783300172726,2.364245076705075,2.468311934144271,2.8041984679303047
1.768098189519001,2.3566048696106785,3.519998744910471,2.245000407075213
2.4009343518584148,2.244945447158149,4.011310015809792,2.6994122574535653
5.192976103114241,2.23740874731154,3.9410515417683514,2.3645095486004677
2.7112374921276863,2.3906458005484987,3.876299218607778,2.6020215233501096
2.843672137768496,0.10606154802506129,3.1151741414501855,3.620350418481057
2.7139302454743115,2.021642511552394,3.9993817659177684,2.330768568278876
4.402075213576301,1.839337410693325,3.739173447801719,2.3922287415355585
5.432990818342701,3.9959965435622027,4.071868442935213,2.887395301091675
1.477130598421648,1.743886294839016,3.082694666217336,4.055721460358297
-2.2490944879624037,3.2656743710691556,3.976824525555684,2.3490981992244873
1.7699376048085744,2.153723121878681,1.2639446367838156,2.8574261986265674
3.5041664906122096,1.8551076058159208,3.937890165514083,2.9587115648257765
2.8632954593978615,2.155467274595285,3.9966599589459704,2.1347111310142557
1.8049315539911002,1.6632604023673099,2.949514411363075,2.1499509011392406
3.363884882865876,2.006331555526797,3.422917102746136,2.1383944552053533
7.119085657820698,3.176308846671715,3.155236109299193,2.2489885003704035
2.508288112438336,1.7917155648797631,2.980144926462266,2.4532194871037767
2.8442546687459798,3.4038996142855726,3.2868467305782163,2.5758785442056884
4.230652195788857,2.0487238307904585,3.3977130215898375,2.867307256936186
0.6335357066192613,2.2186088893861307,2.924060533787132,2.9564805492059243
0.8055928576618836,1.8554605699995648,3.871724422008592,4.344965302225312
3.5453740405812684,1.927757974442871,3.890813245114648,2.231060253294224
3.8546375730143154,2.291850643308493,4.552550093382334,2.985146130771454
1.7220506174199408,2.323678824776185,3.801465107862637,2.2447708791219374
2.564990796822899,1.8895228877861352,3.4474584172518297,2.430882230015614
0.8324022913069444,3.4227471228417636,3.5733467693914585,2.1496304868470357
1.5259242335813243,1.6410020352631292,3.8204725926502037,2.1386540143690818
4.891069708865048,2.1765100123732206,4.200127735621696,1.9504459734678274
4.222383625621771,2.3739916343541356,3.3889913432992342,2.5095097780467515
-0.5532524106359866,2.826809613584578,2.6434187454329785,3.364835363069985
2.548186348819355,2.066203093481084,4.3954332657689905,2.46933522018747
2.713608595596163,3.016592498201674,3.572328803448714,1.5657413546474752
2.315897735527537,2.3719039694996673,2.1490036556955454,2.7255932054170624
1.6450890170733503,1.0750146161629404,1.6893730890730336,2.621600876705262
4.81401985634203,3.5033731918169857,3.8432097611155225,2.4765341059035166
1.241045377291087,2.2083326900738465,3.778456264561857,2.1846262818830087
1.7233088456320567,1.6571635045796265,2.850078876539114,2.847642491053049
5.402744095408443,1.982202849993117,3.713527889763135,2.1740637772644993
5.280542448752303,2.3210412896400037,3.7460862093906284,2.5774661604727704
2.9740451975601236,0.8780465715091172,4.360436345141228,3.1720115286072543
3.1030208399570274,1.8083874823403736,3.6166412381489295,2.4684672905237077
4.391828121315888,1.5434056309272166,3.6690018035605854,2.065747918362068
2.080360016333428,2.9565533862833595,3.924894053998069,2.1564212425545053
1.9217223485686807,2.678596108182212,2.2423860988408713,3.5648379413501936
3.367571763742466,3.0821684254387525,4.179746599559253,2.3098210973723594
2.0992772230203762,1.960555798967953,3.844526265934244,2.123916913914808
3.194387211320115,1.821438187161986,3.986686767498484,2.475893373586143
3.2740179669490836,2.0105764766065777,3.702160493519288,1.5690209606466157
3.359393826262548,2.131344991220745,4.090124742939417,2.156452637251152
6.5810514460898695,2.757022188723405,4.4547815300486295,2.6637530425044242
3.924366291934731,2.338369161913606,3.611529128471524,2.021198250603771
6.6742725310131945,3.2696023832856067,3.7208092218373947,2.2137740347746484
5.125409184833463,1.6139155011277448,3.820602519282314,2.6069591641419825
3.5703566109791325,3.021859109481637,3.9914776340085543,2.1806661357682597
4.667223893892487,2.0755970932747,4.149124902065247,1.8449951990848767
3.5087441093529055,3.0206954502099865,4.020512086996148,3.0543473731462947
4.350986913425766,1.7664557265415408,3.672107344084178,1.7392332136529345
3.8540719735022027,1.751853173162246,3.959706003878146,2.810867913881756
3.5460321223867606,2.137197944254149,4.163159278139249,2.5103946065468654
2.222859864527058,2.745306108694975,3.2556126427050334,3.3937990728480383
3.7159221328310266,1.5407600876451597,3.7055945606095446,1.9207932542075716
9.25552849403975,3.087564803410052,3.349143829198828,2.1488361338070505
0.7720211351677839,2.3565988797248814,2.8678687042439455,3.0687867434756435
1.8862090494752692,3.2339902627733013,4.23585599838173,2.5156582697973673
2.9162631430447834,2.423233369447094,3.9684951009586986,2.232095667462555
5.164888239382362,2.840205230731132,3.4286560985157335,2.819108762930107
3.7547181311542417,1.850360643841543,3.4773387105668587,2.3983927308668416
5.105747396657929,2.1243323397960885,3.643843110468652,2.1535294078066674
3.338496538237347,1.7210571547711404,3.861122502922454,2.181925431846868
2.8281583270462938,1.9844116460783838,3.7712644285400603,2.345841359971603
3.8964486725629186,1.7411201920889987,2.9119201760271336,2.9561618127142992
3.840943750435037,1.3087202172461494,4.169670897172829,3.4696266530443713
1.0765482291092696,2.3589944813742916,3.951424159368086,2.1294624198703227
2.791465092829681,1.2226190412881635,3.021183792994626,2.477212608836847
0.9885025487737118,2.672367257696795,2.5183525593031795,1.4008239655214685
6.378194022480726,1.5912523338006237,4.020972264729745,2.507750150202136
3.987803932211368,1.7515404853167444,3.6748232566135957,2.6777989228073356
1.0560588001633087,3.5715877340541855,4.148483260463687,3.4493455390071732
2.3123453305956545,2.6880758766582247,2.9922360388979796,3.1713752419706265
0.9406742759209947,2.221207308608142,3.1304370424230235,3.1167974792684547
1.2880817250342789,3.584210921535068,3.8557242513989793,1.9991244086885493
4.400309954433399,2.1422483006860777,3.897835772991897,2.273902871701639
5.763892056388,1.7881786412067295,3.9513554775520774,2.6572550848433254
2.3286971424143026,3.017720641934099,3.026497993713225,3.4138116799437164
3.871016562796621,2.102307181057641,4.059825809502167,2.5760977337668556
1.7481280689083032,2.065214719892157,3.3525207847585787,4.808628042894588
1.4303380121814986,3.0475127946883926,2.6796566031124804,4.003524416719586
3.0012242247384253,3.331608586175497,3.2625582385125345,3.501177839422307
2.8237778034387904,2.2014489854069255,2.4596156581214608,2.6772773762574102
2.1987352064494297,3.3947144266403564,2.1003872678706745,3.1483490517726627
4.265569254480023,2.1807302103276096,3.1517383579573255,2.7465190143668115
3.5141029729593702,3.0353578123185945,3.5102481954754565,2.652193664272533
2.5811810498180625,2.292967771464933,4.006577015441762,2.7579977508735536
1.4978686399883805,2.7883915400197297,3.612782013557848,3.9480097138236925
2.7347432038328865,2.0615690617438527,3.2963221439673065,2.215403399270436
1.7118607598602833,2.201866940119503,3.9285366984852543,3.365787717127662
1.697838563030416,2.116381805238029,2.9053874967175872,1.982804259438063
1.7885251401119537,2.459146755746219,1.8867765150331317,3.8027917877146167
1.677837393452334,3.2585935246312374,3.5549987531588876,1.9660692992324131
8.129405565089156,2.7670634729124264,4.058184250652412,2.362202514148727
0.8911481071481553,2.2846532745938988,3.2489479836269175,3.455115403014644
0.6947579238350061,2.817674871128662,2.269343566345656,2.7777387095342494
3.7408942212040235,2.108084523754315,3.522981619701949,2.004045054612909
4.429209302295867,2.5389031042378263,4.323543066495666,1.8907528260318303
1.1617746612060071,1.4344822043108685,3.002263694274659,2.420545350110576
4.180976433059146,2.113220072064238,4.093203085761855,2.22679043375933
0.1284338522369417,3.3697342482988604,2.7912569884094216,2.9073042832253657
5.124094249795985,1.4622710596691282,3.462174694371985,2.463134259601285
1.4196835769367775,2.2519547470916534,3.945994291844959,2.4585227635939235
4.653732418062306,3.245987105851329,3.784234282171668,2.4567870423568654
2.654767314908152,2.346958105372091,3.9566736398952744,3.2513828833403173
3.082451889085898,1.7052247779623535,3.807432573721847,2.910500249176912
-3.0189629541175482,3.5007585431263033,3.414254912220821,2.323978188772928
4.593569753042347,2.001740783685825,3.8729217899715396,2.314805266141824
3.9269466370812616,1.4979769021101976,3.784220726035653,2.2145012006066365
1.6806839462438714,1.5911760272794278,3.780412608878218,2.064687431663359
3.938553561199784,2.55717143885109,3.271329322552794,3.0737581471543884
3.3919544122886927,1.9975208866199798,3.901966662187333,2.6950422982471323
0.5429006220214181,2.149070684508855,3.420171927637655,3.5755359936085083
5.338650959918938,1.900072409080384,3.759019661471662,2.8077236173403284
4.161775911122545,1.873527093545555,3.682402116606405,2.3015098593022487
2.9933310493413066,2.8942889070070676,3.6825220820786018,3.6224472914851926
1.9586139354867877,2.94112832362169,2.6961623224454234,2.382511259945934
3.8878380176413434,1.6983541527530799,4.581449228412585,2.606103221257804
-0.815757023203977,1.842590905497598,2.869871445809759,2.144254814388507
3.3913985929358033,2.142161322944482,4.084958141808053,2.102563805350608
2.5632751402793974,1.2976277043436644,1.6369065378325858,3.913856085126823
1.5997119217491094,2.562788699207203,3.41926818767293,3.522805053869421
1.7627192385819217,2.0658686874214895,3.8793022358139604,3.5308639001077085
4.657606551081362,2.4501316849201564,4.1336914322878755,2.2977108077513404
3.418370031356776,2.8530994926364284,3.424010031769396,3.493603678937991
4.025564675279044,2.5825618964467467,3.558180449877536,1.9989785650052636
1.154487283003692,1.8296255882196077,3.716709090710724,2.080043037962262
5.083942300156401,1.9826053426944503,3.9744067533467153,2.373803123119774
5.262694241709202,2.1890274758999144,4.039235986903777,1.8185189097812235
4.924227092882109,1.9964885967102695,3.8754395634433174,2.4311420394656578
2.9699016646669785,2.0179945112516546,2.998461407297921,2.142261880177069
1.0333164264179566,2.791202611410651,2.5490449475282966,2.3604356507699586
1.8289750476261493,3.736905599490843,3.4309588535422773,2.052801177891763
3.762230376083297,2.0172766997817355,3.705050619553373,2.1545406834745897
4.5474204274240275,1.7614301679703592,4.034734931389554,2.504307924056424
0.7431029152011526,2.5331899698575544,3.654428542596864,2.454960623589954
2.1585491708227584,1.7953762131385433,3.3215662317207775,1.969262432409204
2.6426609472976734,1.7726657818393439,3.8957239171762583,1.9209620158940968
3.6728901995472647,1.8978355838158363,4.28079159344386,3.212770849487632
4.058231540363758,1.841011932816326,3.8841033399280844,1.8120974962601812
2.6092728048162415,2.4662980265385754,2.4018997393234867,3.4176063844580704
2.096313803404291,3.5145312985680683,2.9687073951058527,3.3200881602609416
3.926997703091554,2.6076927207316123,3.7496362511720847,1.992514984033202
2.041682199006555,3.5061923096361376,2.4362418681431723,3.9764007648438
3.041965475904938,1.6872903495673377,3.3372476660895583,3.1374601685245
2.8974633640784058,2.232661098203807,3.632243435393224,3.0715889263499534
2.2953884218541436,2.901376237819796,3.45539122821124,2.656624528782444
2.4442903183801867,2.1865974687431065,3.5536635365808857,2.2637096379270054
2.423365063506558,1.8922146659736456,3.537114694784287,2.0288898560612836
5.483744280637978,2.1780578554605845,3.8464441551400284,2.225854978318201
1.4702467498832168,1.206368783154641,4.0307096832553295,2.0602337435059788
3.204015076158104,1.8244752895495209,4.058608302638437,1.7886426022909894
2.314698091277651,3.193288700263151,3.90058746872636,2.0034035069189957
1.6037182694346355,1.8731008787743066,3.6944539446952365,2.4410423451353465
2.46663600059766,2.730447349681543,3.5038769591485246,1.946459658235482
-4.724651473677527,3.508498515450048,4.3502785165638995,2.819584634398237
0.5227779953954781,3.1276395844267952,3.7216548885774547,2.4106252008062814
5.66970633293146,3.073461883908657,3.8243692203240864,2.347066905131345
4.421733549993561,2.134233982171682,4.260278592703642,2.5558433364333397
1.5334100963167245,2.449775788499481,4.329100373120022,3.331804897139353
4.874639411468921,2.0924184610889176,3.79956056492715,1.969300918590029
3.12794332856596,1.7056932349562126,4.064867381785862,1.5005896050197713
5.390968431029688,2.176798513659193,4.025472046932339,1.859618953403277
3.3889134017900586,2.6231763882233117,3.8367025583498866,2.02792649574707
2.7329419812072113,2.0870402389734473,3.305550057999868,3.0415340951732364
6.254970083868761,3.2922828945273865,3.8659786898991935,2.0035320346714087
3.400806098986143,1.6722250168132802,3.2317753541376333,1.9578862581897738
2.5690402239132046,2.6022777863371616,3.9909984160467906,2.967910716677918
3.9190185958796864,1.8780399653888784,3.05768875118368,2.183491133602936
1.8698287290334483,3.5872328080132805,2.370606540746022,2.250646789877694
4.500233319745248,1.947955238094345,3.7088380496225497,2.6418799588826585
4.240562050637895,2.3419264299039226,3.79789505081764,2.201500518715244
2.547391058592334,1.7618169125914847,3.7192667716605152,2.299866628500312
1.1849941311243861,3.141854206065313,4.013493294019785,3.268984380516687
1.9650103364388196,3.116205609796886,3.385548578361865,2.6938972464226096
4.392773545237866,2.550192564620171,3.8056050532763366,2.1158156264573194
3.686933629184143,1.18493640217422,2.626618929944244,3.667244475234777
4.970268502906304,3.484192940899102,3.436059193103861,2.690228743353337
0.6935576604209146,3.2843323173644747,4.195064192958457,2.45125163695177
1.1954886138759158,1.3289994580390594,2.3539882586320697,2.532539162190886
3.72767012029427,1.8297250042855333,3.5941744135626736,2.2087278949186295
3.265118069823425,2.1816502322414544,4.173788084521922,2.446254551232686
4.243688285447183,1.9223073733517282,3.902120353540683,2.7460877544340856
4.309516493563459,2.6444659426506703,3.7730153664626944,2.836359342961944
0.5366875969297902,3.6655650375869557,3.6095571601283587,2.7333723780691472
3.633110713043814,1.1418089906541797,2.2853219233784685,2.6814845099930977
3.729515079509937,1.6342845855398196,3.5755144572876123,2.708301512807583
4.704770260940655,2.155105404312395,3.6564200509789204,2.6666932813175275
2.4636507160315397,2.7657922255160194,4.2114394286040495,2.6034804495896524
2.6331818260214885,1.765270896525616,3.550802939874882,3.750606252005146
1.3958152906377372,2.301007076774092,4.0512689831474,2.2450560872123915
2.840717144720464,2.2341623829458572,3.866484932304136,2.042575310416465
1.8535632173928802,3.19362850313321,3.065962894852641,2.3434996438879336
2.1923404825385022,2.2512671878951127,3.6839435257916433,2.212134031980706
7.067424300391158,2.044879851369737,3.5930285731458818,1.9829269974517163
3.48124554759592,2.223743589421095,3.3938169250885615,1.9313404723891754
5.340060973337002,2.3940329067456703,3.958882800424217,2.4534669985673165
2.793740661316839,2.5571109487841754,4.6732241800178596,3.527199490189784
4.4990809640747,3.257705642144861,4.167912660932229,2.2860164301576664
9.483437871847713,2.9500048023643544,3.8463272268486395,2.162678196304699
1.735672908419566,2.169947068921214,3.700604271046878,2.153419796490695
1.4103017345371809,2.061374344528727,4.03801398312254,2.8337312572300677
2.8613201661394876,2.1890677483400878,3.735541336166586,1.9814089257960532
2.4775577047697266,2.5039179836063625,2.223414772430919,3.2084496371333877
3.6314412538666963,2.083222123031478,3.443477898329566,4.095321690458834
3.671555517193584,2.0981607930244968,3.980647989944026,2.005817285090829
3.8585309815301976,2.5074527784658365,4.000009508494517,2.1239930271088934
-0.11809404721732308,1.5368577971705226,1.6750929325811628,2.8480595932296984
1.6112943339314898,2.438925901561694,3.889219088606461,2.5791320956905945
0.6639785137931926,1.5816745950073299,2.9388964467695686,3.763390143623059
1.6890075425305977,1.8051004460327946,3.5321260326029087,2.8631011116474565
2.459071547502914,3.3417721835505834,4.0192894536877635,2.2754835265215156
3.968429130906776,1.8335313868417438,4.043695271910651,2.350673789195494
1.6390735910664322,3.4850139137136824,3.321951999731361,3.0353831624709726
3.434142415639986,1.8061273064054468,3.4090194729880987,2.495113655032885
4.156654424895002,1.9672311818510473,3.7690266796417746,2.412529699510454
2.9482770870049535,2.749775604645425,3.837524884347068,1.8194492744391664
1.7650141924948888,2.4661435936671805,2.2080711847318915,3.514325307773983
4.9964935284972825,2.3401503555357586,3.870203072488433,2.3770485693384598
0.3826135805099913,3.2697693215579684,3.2621554232291725,2.4599177669092205
3.922061556506232,1.8777809492621578,4.457331779141646,2.072313794273982
3.241543075426282,2.1828836683308888,4.055768324635972,2.1823139617679455
1.0879268561068873,3.098327721677698,3.827097440186531,2.1510058219355854
3.2453484683562186,2.243407729798202,2.7894403725470402,3.816227317127808
2.141325839167014,1.8007622142178996,3.891439256519787,2.3811243256450894
3.5557798895567956,1.88052562653969,2.0995398052800844,2.8186468289210667
2.7111892708737946,2.552418484077826,3.290264409221642,2.5262393770819562
3.011055608000729,1.7690740178792872,2.832147997180312,3.2271139250699905
2.984812586783077,3.6645467989363434,4.001457413595677,2.152913927455181
4.684386802714823,1.774083444975776,3.7528369068359697,1.9246714542870422
4.819038722881208,1.6517749071390018,3.9045757410095794,2.8539716937062583
1.3888577884583309,2.2281879404588327,3.124575687103549,2.564374132277541
1.570574645604562,3.791794108824834,3.2896409518914655,2.8839857478918804
3.187339707307135,2.016647541248702,3.9563962873227183,2.0569012617729285
2.183414404428198,3.4883317990260627,2.318563746000857,2.9277234339549114
2.3705667678649864,2.8362855132887277,4.624590411976825,1.5006674898495218
1.5019094388969887,3.3907835452078965,3.0851193546989437,3.6855571222725048
2.8260497509205753,1.6720150293944045,4.300450828030113,1.6375771052901331
1.242354364474204,1.3521699632855275,3.578900660195363,3.1405290766852194
0.3983979465027354,2.938825573404623,3.9351177018663024,1.7329192764982417
3.2575629476694012,2.434572592540436,4.053174580458504,2.3534064243159567
3.081792182381202,2.5939034715922573,3.733089044595324,1.8595694284370385
2.2441713180724787,0.8627648736724409,4.5348085191373055,2.2523765589903957
3.2019494522393535,1.4492330337281165,3.993415596220002,2.869122450429304
5.057114164455145,1.92888969145515,3.907370555827021,2.6316437066861638
2.995995233153155,2.168356100321846,3.019882332554038,2.422981636767303
-1.269877897222297,3.0615322030494116,3.4586488921216203,2.3149491125008574
2.086838254432948,2.1695932869219767,2.393320205034245,3.34620945205934
1.5919333356911032,2.827928304527395,3.3330961618293182,2.827503390817633
2.1620741818136,1.8934265133025723,3.625250732191666,3.180541644671677
4.221159534204679,1.7609214012479157,3.429590361561667,1.9929521975425566
2.4092317808047703,2.2323560608257025,1.281242771261946,2.7004489665564475
2.072740069930592,2.139057897002862,2.9488283863864932,2.268154758986774
0.8132119196086247,3.3673467370993846,4.072399381937705,3.7237655256392834
2.893636066974167,2.471958896107616,3.875830759725984,2.3328939515563754
2.5173017885317046,2.5956887725251794,2.856491061366849,2.4267539409955803
2.664381884072282,1.8718551633129703,3.40718945850411,4.5369777272698055
3.929085514549692,1.999318365933309,4.112149131344732,1.9308219398048678
4.971708360867726,1.594424752036383,3.823704813611225,2.5635119005148477
2.0811700550038252,2.669809207573683,1.9630088310725047,3.2621097954129255
3.270146306764112,2.154602714645599,3.809650525384355,2.1829469040946563
2.407991795156729,2.2356443790892357,2.1336590468721335,2.5822850593808075
4.72310852365826,2.5454459349392353,3.875796902621229,2.608913767861113
2.1136427783488543,2.6930834951330507,3.1645777817434744,2.0756254688162334
3.5594031979267835,1.956432850054901,3.78443602868889,2.340523634244917
-4.1145733363263854,3.4293532790385575,3.975141652182075,2.740529588049242
2.4265898360072735,3.276678035201864,4.1216913670293795,2.6205410611693933
2.8679496437165257,3.202937337189476,2.51562958149948,2.7498590941986962
3.164124566858834,2.130799517279061,3.5943288972389515,2.1576827879991782
5.672188595944954,1.9385810882639165,3.9186570498653075,2.5285876860893506
2.944573765930079,2.917327136180035,3.9261256256461357,2.301388455301831
2.9028350731295838,1.1162336793622576,2.8043163768684165,2.484366519779011
4.4064986830693345,1.8400885591091973,3.620851145074152,2.3831904106245663
5.165101762786299,1.8429486040776948,3.582185910186792,2.4755861538086696
5.188024079670253,2.1689395566064777,3.797559783974143,2.397129649956154
5.467908423078792,2.4397828887375432,3.5632751846574875,2.63700896446514
2.6054457727013514,2.007998858943475,4.182693222849677,2.81278326352299
1.0125188490841885,1.771740829166768,2.534359021094771,3.628651118461723
0.7529949168647616,1.8105217461060263,3.42879523852524,2.5476266850629625
1.253429688280359,2.2512110288696334,3.4140083811916577,3.8777578857713046
3.104675473888725,1.9721321224651087,4.007159170870538,2.762502054434342
1.045596758161364,3.047445965614178,2.222081283620592,2.7904785847787754
1.9611032859936948,3.6627347491093385,2.889268464775371,2.436333845301616
5.9740602796878,3.462958987199263,3.9244322040259743,2.137391750926895
4.68320198771031,1.970591847058883,4.156371110858218,2.5777629866173823
2.408051363720229,2.1133042273879776,3.3765070485712894,2.341164440462715
3.4104528348768333,2.056008944264481,3.7120320141100103,2.350509904154258
0.4630972163971139,2.8984736666848843,3.664708089614939,2.605252483300275
5.583134927904835,2.4399761981449917,3.7835504999531455,2.25386250149361
4.24468319634744,2.1890072024278013,3.804259091930536,2.2076266288993978
0.2523069071955728,1.180105450398316,4.106954878063268,3.5309676351499713
1.05080307629273,3.3479942819820723,3.4670235816425388,2.8927753121734705
3.772245114470243,2.1308880541559727,3.937694282096141,2.0114962437944697
2.872915177713661,2.495481920971476,3.7444152050238486,1.8239556069399818
1.3396698914387983,2.4214725257194196,2.863981441143836,0.7414193040500736
2.2589510648230613,1.4468099260070273,4.324053409340184,2.9308232922200443
3.592119781551346,2.0023022639924823,3.8808176968027572,2.7600557391186875
1.3295927128088616,2.7816832705046615,2.2510407785995072,2.6131752622134106
4.862497977259204,2.794422117901303,4.299910243968538,2.454536434599262
6.4568434592167065,2.0120159661039483,4.053334724044314,2.6807301015451435
4.123399370557145,2.3493987003828813,3.9300457503333,2.3521674249000712
3.139807073890119,2.2734233694489028,3.706818294549175,2.5857420424206454
3.528942663615864,2.429867829586062,3.335397585206501,2.4996611291221678
1.7485932654541234,2.125577854471005,3.6008660886587647,2.3459919101247886
4.995406989682689,2.4730790268554412,4.083337631192069,2.769491204754213
3.6878922668253638,2.404646232075703,3.795763889728379,2.1738161357161814
2.4542142485739817,1.4346423014280405,2.6470530430814536,2.847308354780726
0.5834372254521982,3.5779007673653247,3.697374864609065,4.342980100481338
4.748174478176243,2.0836996210684324,4.443835468318803,2.3445721849777996
4.290657102438079,2.073667959504923,4.274327014137252,1.8352320594728075
3.2118539238956973,2.354612253562219,3.977068912645986,1.948328842231761
3.9065753410246664,2.26424679661046,3.6505542365585337,2.8185123611728775
2.847166161744541,2.064243878490944,3.7319139336859357,2.316720723174103
1.7785411640496653,3.529502608672505,2.6814267366053524,1.8498763757891978
5.625100283456744,2.1250783548294816,4.221910838363706,2.5090231818800395
2.1043211306365577,1.9607916095401527,3.143414675951054,3.2093136587824054
1.2193652716893366,2.7456039716248286,3.2213688126643505,2.869216056015465
1.4372391162503875,2.121403586415683,3.3290889496066622,3.560925309160357
6.114163968827107,3.810388380590757,4.122997357505627,2.8385288508836455
4.14979651702397,1.8891131018750524,4.029591977970245,2.645657545691896
2.319946031923771,2.7233768228379853,3.4610249044190557,2.2981955574854718
2.0398941352134994,3.522667239341555,3.4510415878141316,2.5076385304138467
2.122343385378073,3.6560020147797734,2.486127581196885,2.1044160004051324
7.894346126968761,2.9772330277838948,4.085007757862444,2.0118375977460716
5.473011084685813,2.1857168155342537,4.05865248790552,2.4966969058775654
5.855484970633084,2.3637728231141097,3.738705488465989,2.633700500405193
2.1280113274607713,3.401895208786538,2.9344461111516904,3.812250547849228
4.34421139619643,3.094881081896321,4.071996491109915,2.269298422159872
5.545767089936792,3.157138217821802,2.8435588397117266,2.1199444474428897
4.875260826602817,1.845080376794966,3.8540381565471002,2.304380009485728
2.14489479790365,2.52304318478779,3.416142335786343,2.561825063751932
2.959414261219894,2.3110005786393835,4.409739875611337,1.9066093252591894
3.9518831699952575,3.785754890902092,3.9342148085979267,2.6145030683355492
0.06414639052615456,1.6892278188866081,3.9259862529341376,3.7880149616903407
0.7466052845959057,2.389817076049718,3.8902508010830594,2.8161168883056806
3.983137803758872,2.4311414175003763,3.815412677790518,2.6807974421075484
3.8551042085645033,1.880610766565972,3.730052274417455,2.204091360371191
3.4109607863887583,1.656404083508217,3.5376996746012863,2.0700897243686676
3.4270622458807387,1.7478839743105055,3.511971243631123,2.0460980310919155
4.8988226025685835,2.11461935093784,4.088437990645627,2.14846649801599
4.710191934365646,1.923793525433137,3.485083149375367,2.4951640388015783
3.4166900157694537,3.368377225026682,3.266149979978735,4.22033633545819
1.4411535487143523,2.011939813977044,2.9236429210294643,2.8051535690064098
3.1869355758694873,2.1786189420695803,3.2320721021916317,2.4398670413546575
2.9450764914251826,1.9747460290206733,3.7692062676130016,2.463885206208077
2.72255759282675,3.224416685262881,4.528051375950764,2.306219530636652
6.180385739259086,2.8760439702372427,3.5068252737267827,2.438282919430223
5.396008681172493,3.7788685704809692,2.160500603591928,3.7790547542823196
-5.426186559434981,2.5100246861087925,3.307333201528,2.296844526996596
3.3767932064981347,3.2105644198079597,2.810578072672484,3.603272912152256
4.978204519172352,1.6632051257883869,4.102627051290623,2.354115987952046
1.1441461774919166,3.2751606983579427,2.8767572535350205,2.783089787317161
3.9348585047163502,2.189141964145305,4.182071228985444,2.4044606871149314
0.9857461158582461,3.0955797345980915,3.4144331034617825,3.273512400602104
3.238262017979976,1.884408470468478,3.893795148009908,2.9269603411873124
1.1187347413101367,2.4999211429605754,3.3472085228650057,3.2153124500522505
1.88258491853462,1.0521441944082035,4.030168425536798,1.8811301369295326
1.5609001051885607,2.0979865779256484,4.764913933276935,2.6021625527380077
4.509813842813621,2.3287102703756193,3.7241132198157048,2.5527389635185167
1.271427299227844,3.961436601553258,3.711171447825973,3.230615846470075
2.884361690453107,2.2933423616952013,2.4966148451705727,2.8385148273408736
2.694241821626674,2.0572813781321333,4.409561114374084,1.8740812015968618
2.5515854968857874,4.100053515766869,3.1904098844962356,2.346425026547702
-0.6001252267909529,3.1379359726667038,3.7387484324833093,2.1868418570489063
0.9079757219420319,2.5696313272750597,3.0064610556316347,2.7382916280253746
4.48496549319693,1.79683894010744,3.8343673079925678,1.745039099297927
4.162710269835142,2.3369034167222313,4.183055091969533,2.2524455360495046
5.244911958095486,2.2616507876015275,3.8278881140308925,2.840602740247708
5.028711228581656,3.7014442795172604,3.5771823436305312,2.1213858254854108
2.6214845316093354,1.7188810424977206,2.493886442701058,2.1075660352597505
3.829344949989671,3.5229432894890325,4.694114210481061,2.514553035469543
3.787363256839951,2.274974403871269,3.713443267951449,2.2794542669179028
3.0048007215089507,2.9863083187850687,3.4545787241606396,2.6634913538476495
5.422954118611476,3.370045779354091,3.3720253533140294,2.3109742838460305
5.8117495306789095,1.6467275616149681,3.738769484840314,2.388486667025999
2.4864702899283864,1.8641238028098677,4.265895336259546,2.8151071587166387
2.810348043916283,1.7720071024912798,2.713857718526659,2.3300473757071405
4.737669368757801,2.0390543957408247,3.7376729394488963,2.520067365028112
3.648835109560171,1.7304817814383195,2.519906461365969,3.0034056853496427
4.0181932968358005,1.6920667935461648,4.396423493696772,2.457343683720662
1.780342167591615,2.2664373726751026,2.9339430785717093,2.9860512435619286
4.913902494202528,2.3572489738526494,3.77755293607193,1.908889212303388
1.4993707738192676,2.430857416662257,3.031453213261646,1.8392625833278502
1.9836644548616984,2.199173348253692,3.615804323825847,2.007872256191959
3.8142644432050674,2.675438437957684,3.7428309227413954,3.3753997610683526
4.5221859961179085,2.1178187969850675,3.877669999293927,2.763325881852891
3.0802374684604032,3.4269663240139767,3.8472154298629686,2.430452331619206
3.07284272954695,2.000051390990586,3.264981225817976,2.3798305064562078
2.5870336951811366,2.6073982032422607,2.0306940934093394,1.6041198451253544
1.9789405526168418,2.118839408852446,3.282097665430893,3.133768138847304
1.551595965633234,2.9931693819829275,3.099833487254051,2.2082421883003427
2.1873867599487893,2.4658560995389274,3.557338642637662,1.9347885365525435
3.2554987740173327,2.254746265375018,2.6235883659550026,3.156107471196972
2.9899509203605157,2.1415482521879747,3.701828141930878,2.737018292032453
3.506894294803195,3.649091695330843,4.185741471422126,2.5029967412119136
2.4086783075917264,1.7681197737951815,3.816496054281742,1.7065295779208765
0.22359731505739888,2.9719999334207845,4.038272350167455,3.1510986596931776
4.447388739276685,1.9841203298319219,3.6537694128456066,2.313329776958922
3.4048643062288995,1.889483303545896,3.4151695706828344,3.4529063410774343
3.1344113883137017,2.695727936189097,4.122453727870744,3.0223427145305046
7.390219454021748,3.0231741875779274,4.654090865354583,2.314739350457852
3.942491634778484,2.136969154870194,4.193261091588616,2.70347942123969
3.3173231754286387,1.9292580253210658,3.5161461529305864,2.1967670001045327
2.3412557967015615,1.862049660480669,2.9551481432986972,3.758661364251104
1.6150968195658155,2.297724710757211,4.035823417444602,2.6398739620141423
1.7303653104709367,3.1733112452241508,3.414520626099828,2.697334581849971
3.2683562955310044,3.0262089580077607,3.8692078530059324,2.491899626131186
2.371020769109493,2.712227070777062,2.81668264969707,2.657098584909232
5.157600000454795,1.8183228858469087,4.023623173122127,2.49770310817902
1.203372016273832,2.4605340673928233,2.4888471463534363,2.7785362209116795
4.0731746746196285,1.8585657002469982,3.9414602554454654,2.1551153106501753
2.4716419475295215,3.408097615402034,3.102521106535654,2.1711542163210553
3.762772231958758,1.9621728089853052,3.895597853758629,1.9854971193510755
2.3010031129752866,3.456386934374806,3.4775471129345124,3.4957842391402485
3.58946945276852,1.4251425922079117,2.264517983799192,2.5169376280251243
2.3536967447981016,2.0500132066075523,3.7349888546630843,2.49715618399798
1.9138249424133147,1.8113857825516604,3.5196248347788655,2.619757941817638
5.004651655045642,1.4693330033433845,4.0427330791580305,2.2164806912550783
7.051162325856659,3.8003914929252582,3.414049419638384,2.04461388539507
0.6132386805948926,3.116974860905222,2.20883311519519,2.0917448539006545
2.438060639870532,2.0370325760731336,3.2654594799056365,2.6494823597608868
2.1550007927807178,2.3451853363454958,3.4823288099865177,2.512021506448819
2.9617129377249536,2.72970131999194,3.714910788804648,2.6000012797290704
3.902423365344422,1.9329740148889791,4.118039826637815,1.8604750405298418
2.45858096315168,2.129565378397068,3.9310351529651997,2.121048391695509
3.503616338873123,1.760757622530184,3.312161234401554,2.167130176252879
2.756395531271094,1.711515541970237,2.63430972674551,3.252508129480713
3.6014702890184087,1.897848174926324,3.642934920079606,1.9016402813512587
6.525522989611904,2.508219738852919,3.4073950754954243,2.662448884182006
2.7453913282617086,2.340119452495363,2.53535818489239,2.9341427596303515
2.1732354294741256,3.5751246875299127,2.1456233850050346,2.8521472618046335
1.3128409936943373,3.1979921278354495,3.4188880135053052,2.9355082927442124
4.186062206736627,2.689070771035383,3.712510853076455,2.4140019149795258
3.68909386112927,2.3480442155098826,3.472897592400869,2.566231441079128
2.3760151699424688,2.339305530123883,3.9833975204559735,2.7900427636956517
4.2595479670817955,2.866978737549135,3.6000418948067248,1.7406087194031792
4.135278092130946,1.6448348448166017,3.558942827559132,2.4720246587105366
5.171493681561687,1.8179292478155034,3.9526668566799965,2.249239311161924
0.9380629855778897,2.4482748507279886,4.06770473066533,1.61145793799275
1.175035430956076,2.5908579496913586,2.368794457905445,3.716542295943463
2.975316175042509,2.037978758371423,4.223836838767383,2.204975828499162
2.6361709796485453,1.9399486372398134,3.4226561676449507,2.2041543275133053
2.6521969232031526,1.445105371011345,3.197233836438505,2.708444152586321
4.445389158321442,3.2104873360681268,3.8097285264044825,2.6061418699097314
3.3587732226673155,3.376197614710046,4.1102699527820885,2.2570243452386647
2.096159843748408,0.9473977607417337,1.738686630574995,1.97610203768826
5.047783073514427,1.9099982268461362,3.726757735363263,2.532177832662159
1.0815307083352939,3.075022482994331,2.7118720529051763,3.4608334089573916
6.198437345557352,2.3770623370756616,3.564840173014856,2.444594149552989
5.524667363145126,1.400142925412731,3.9385641458551115,2.0835971236762623
3.0185943854551853,2.8884741020853277,2.9447765327451734,2.4656537052942493
0.30376332947497087,1.9925250326042894,2.784039813577155,2.6584651854016337
2.7119117922991807,2.3999630487518817,2.708083465229015,1.7705637210255458
2.2866943010326297,2.3183843830923485,3.4848569977506756,2.913905137953554
2.727629380815068,2.0845767833805646,4.088643717434887,2.1135922232283555
2.194104865133875,2.3720073242233206,3.307503691946019,2.2730866266550285
-2.5466458704182506,3.167075552491298,4.23364419376216,2.2962726088599448
4.078852702985344,2.1587701510012525,3.309868814128588,2.294377302067613
1.6918539315007453,2.421389310738668,2.065061663178809,3.3479168043296994
2.3476701226838435,3.5443617599746844,2.410892823976804,2.3735524477052374
3.6173624355554725,1.9420059428600585,4.166392474137894,2.9630292854635476
2.619766667804064,2.90303684832742,2.6448389588125134,2.2898449056905825
4.883437094438629,2.0270773006253613,3.790223940724053,2.04202987228653
3.267229540851997,2.0004138069198003,4.009174336076308,2.1503800777521658
0.8584801923976517,2.066145458360995,3.1837893960776,4.090445355955991
1.9435809665475343,1.6650946024512896,2.366252318648078,2.6992480148394034
3.948386293626882,1.9031080886836405,4.20641114123817,2.1809761765679854
3.4659636385230934,1.1449814074780507,2.5581573199951153,2.805618910814295
4.317934001333445,1.801824306913702,4.001136530862184,2.2078521195441896
-1.4015440390147949,2.9733882219807204,3.8078096816455176,2.2045548463854887
2.6553666840177197,2.1289250562549786,2.386024316206515,2.1503119133923034
2.2172639050012943,1.9452087604366797,4.073818790092502,2.3495513065999614
2.251447676778412,2.8589440284603524,3.0084144600769624,4.233152029549114
2.9511249759713682,2.506311216035449,3.158580814682779,1.6752426478876108
1.120009019815127,4.463628795904777,2.8447840570608163,3.570696529086228
1.5561330434970126,1.6807591377487592,3.3040000984769264,2.156376422232362
1.9619276415961522,3.206949456979716,3.592004835879405,2.188970921691134
8.462265911240332,2.6931095099384557,3.7904176413039226,2.261843317246864
1.6944346962647587,2.976001252897982,3.1005087737105743,4.882669389510949
4.757400904746911,2.1411904316033747,4.302552640885544,2.33709574461656
3.039673859240091,1.5286240577321346,3.9990740069995687,2.4640000422025645
2.0647961513227275,1.4834936623199395,3.8579609904999232,2.462816262579062
1.123885685649924,3.1558067511767924,4.439420232132776,2.1298420280482055
2.7558315955060206,2.234513835838651,3.8261696565978407,2.3944685123781677
1.3212293845412981,3.678738636927748,2.632701203219329,2.860527652090921
2.21864869341122,1.7978077991871486,3.113702252441795,3.678761253077523
3.9286016156285952,2.092737420253867,3.577105572500195,2.403225286824963
3.1475567016659696,2.4389916151695448,3.5051963808693567,2.8702974146457954
3.039296497244888,3.343015378135938,3.3029432507840353,3.1466996137306373
3.642750794907565,2.177144991227956,3.4933877239185263,2.037191412229218
2.1158013247556795,1.082310675350045,3.6845293532126786,1.9492384240241953
6.215158025887024,3.173595808596972,4.108491330678833,2.4184794412078325
4.221086573937004,1.6183926564809754,3.9610389983297667,2.58572421282057
0.4191218125814802,2.457087239087843,2.8928317372768846,2.888948644765544
2.33362762326444,2.072241249660621,2.832394115305746,2.5505990811964456
1.9565276154147,1.5849891175711721,2.706453741930837,2.965191239920032
3.537872642256815,2.9905232042734484,4.168074138328375,3.016819120235785
1.3430950496652825,2.5748774288987644,3.7566962478236174,3.4933854400611986
1.2265390770339428,2.668542520835214,2.8247454854121687,2.836088124431191
3.1919960692166947,2.504235072570859,2.5690696522675345,2.385166666675085
3.676058204655283,1.4812902739615228,3.8169014882790835,2.2639745045095374
2.187235266350755,1.7505834069075503,3.6884149279948373,1.2879130741626001
3.132502238807469,2.3048676968794792,3.624322396297521,2.319080565614335
4.7480989099883555,2.2640773522214004,3.684542461180554,2.497346677398842
3.948575049185929,3.0226515257170585,3.806320945004626,2.4446922278025225
2.385699446386218,3.111381274811369,2.6906886032702713,2.150381919379054
3.5927569800359525,2.9987992069826044,3.1921042031051186,2.451560992139061
5.024939499196932,3.3776236692492017,3.799340248769257,2.45740236164521
2.767643235806671,2.5260218575142273,3.269414155863152,2.3822622861099454
1.0267645358761075,4.1292178162861735,3.0181788428360914,2.0906137435541257
3.1589026426006557,3.2220723950495356,3.1432471755719207,2.9820531928319274
4.428597353035762,1.8846912160818854,3.5096396147088313,2.4179114816914624
3.6031732713841342,2.054468305576989,3.8824346757303627,2.4779533066659885
4.8735198643102144,2.2128650610753304,3.5770195425208193,2.302185165611364
1.5559792482437227,1.6085639103140554,3.9099783816830604,2.3235246727868786
4.172813451772811,1.8844081456460162,4.0195746277119895,2.2069169609203136
3.579892204786345,2.1288121863257543,4.005872061620059,1.8388306052991767
2.771548138287943,2.3173774182814966,3.984876280957742,2.209548314756377
2.8068198467544754,1.9330407151884836,3.95709339917287,2.3306680505551376
4.294579799312832,1.5089347865826337,4.296797772751,2.7138133472709773
2.492897017068554,2.5800993213952896,4.171104615914934,2.0359690252251923
2.3676348173512274,2.0385303106367965,3.8874414814078673,2.1760508627137862
5.26576577024643,1.7340676376513995,4.123206331355612,2.3510472803145976
3.3728190304339987,2.2670238872114297,4.359379881538347,2.373708555341374
1.947585818214707,2.4176099598851573,3.0412289581098215,3.479053183505902
0.47933544303765396,1.6035775163429382,3.6177796807815117,2.6625883157374717
3.033357389552182,3.4671826993179184,3.8744775434501677,2.769450519963412
2.6736493025465236,3.3396164575648193,3.6479502646755226,3.8405866879529102
2.7988383540708464,2.6509272217228657,3.800925982237208,3.877093139462605
2.3507204091756098,2.979962882034556,3.6864199764932315,2.9109592769629624
1.7433089053958686,1.6363490876197293,2.993396013820102,0.9937159343301696
2.484255046320205,1.5627066031190209,4.073871602485979,2.6012551497002026
1.562814775049656,3.3985971308152116,2.733782220167883,2.311893265959415
1.5816275966586237,0.9621995367132234,2.299616348673406,4.0278447907135195
5.478668793019269,2.336272661795977,3.427192798200486,1.945186056884504
3.9446748044400883,1.9423690065024504,4.243503983629582,2.473993046703279
-2.5283056323606012,3.192321147395189,3.4742859380845754,2.5020551791558163
8.782601999742965,3.128866186654945,4.149267111728716,2.038198958019668
-3.51666370303962,3.636645887278992,3.4001650582005594,2.6493831526026157
3.791209189881856,1.9596278359077643,3.428149543246818,2.0286873320574754
1.5330330716519744,2.3191932897706264,2.9816322591775286,3.4921589679578404
2.0049895573724985,3.2185543463081787,3.3411690476047786,2.9926231518569804
4.463333440770681,1.902462792857779,4.742238522838241,2.1424577863067293
2.891419039156325,0.8298751289359898,2.757915287515629,2.3825681616439494
0.8975009969934702,2.6137480308210295,3.311837109038089,2.9040422960004566
4.658641446621919,1.776649549435159,4.066194192385552,2.24543748683449
4.652260197912767,2.2434350354531394,3.9869754610371,2.4399817099858687
1.1345314224161314,2.9863225891065657,3.6158173490932617,2.4011677692662654
3.5330102777507935,2.3101975909381998,3.5081452284705863,2.737999712198214
3.1983250897431077,1.9535385387392197,2.646510189245342,2.664553401845623
2.8233340536486753,3.0963042842418176,3.367241531488699,2.9903955188474916
4.0831252306695225,2.2476129019256454,4.071789672527969,2.205799347251024
1.2248156317379943,3.148811524375729,3.6516666232871935,3.42596824777322
1.4363488695055462,2.826944234687086,3.6540476658662335,2.4147912290589595
1.589659428733319,2.136558399082276,3.05177780682008,3.0532273353388577
3.6228636854125247,1.5953831027321552,3.1772406181624238,3.1667825537507044
5.9432195159717045,2.930915090544961,3.6904167997526223,2.473816727824737
3.760336890428076,2.095178420165265,3.2173535627193175,2.464731219409602
2.303787655917131,1.7788026953459486,2.6235215050764484,1.4048235429247111
1.6684670973974802,3.6022231359034826,2.3995327068972663,3.216788223727533
3.120631821205746,1.6208374476263447,3.4876054299983403,1.7111710087986745
4.520962705731586,2.53256843675248,3.807295718970957,2.6522665029164454
3.31087419718326,2.427018080090319,3.956651048495504,1.7804710651824964
3.9534986936162118,1.7344788443559616,4.000853561260118,2.160290351128013
2.459024008477204,1.2624098768518115,3.8983552129012526,1.2214073410870787
4.553424526460602,1.9010077729800436,3.577049439407388,2.4773779680511288
2.8941469406536706,1.5325244710679815,3.5133000552700135,2.2030315481009817
2.2732206795053536,2.3495236544811196,2.875585702797472,3.4582106095281224
1.7730973878140681,3.017209799318307,3.26444851852299,3.647608649571132
3.4556300674343614,1.7290613140843103,3.997007281359587,2.583970434474344
3.3334724530030133,2.01194536899148,3.576100994036374,2.363381531583293
1.3321551223096362,2.010861127163485,3.7106829113689823,1.9474128500139452
1.1497822685569383,2.8128705801517206,4.079149681300284,1.9070312413494168
0.5247301970621574,1.5170781452844744,2.9749565042236203,1.4438753370362563
1.5003233062375418,1.8662719864480597,2.849527788265078,1.6770126449685385
2.690967038119951,2.2508188451845585,2.6602876687100165,3.614751187011878
2.7192744813105816,2.0227962546529072,3.6756377999569927,2.380205269685676
2.3176240928272627,2.309014998532604,3.978543382115279,2.1718485353267027
1.9334555246030438,1.7245662686939225,3.5349750145107572,1.7464692667972093
3.179983065497817,2.0389209231700844,3.238786565261119,2.1847242255205206
2.7474083833461096,3.256842831587618,2.9439130712809587,2.634144605655907
2.7223934635708225,2.6814467872329586,3.6414519827259637,3.3099295176887833
3.0345553769536617,2.2885926608798286,4.084867397625692,2.2670507310382604
6.466882304161168,2.798845321177594,4.401140675270448,2.2246849111902893
4.48930579682303,1.8173747319558333,4.1199424879563376,1.8431268792725968
2.038163708535051,2.080174344354242,2.9994380372310223,2.702259991620485
2.250690195274947,1.9603415947823302,4.271699781021716,2.598029068934622
1.5919111634481293,1.98098404428347,2.6151667143354107,3.5034592005973577
3.5227821353895545,2.1522427806130975,4.070662136842599,2.0441973893860355
1.576109084620088,3.448782374439121,2.494749853129534,3.5010339949998635
4.314774726856505,2.6397134699369804,3.128911946462688,1.9208765992257542
5.925285369203291,2.704460820363004,2.922270470344971,2.3278124080878357
3.5615816944810477,1.9438901476035448,3.6154931003162405,1.808315837710718
8.897827239896037,2.285949986190176,3.5034661623829892,2.334591171573149
1.5955138730800793,3.534739106932216,2.3921563230473897,3.68243957317829
6.920625325839065,3.096524025128076,3.744934332028932,2.827531202343896
1.8630398412729208,1.8890551271378153,2.368757595331663,2.7537248703216957
0.02197736695341268,3.673704517877652,3.604812663999987,2.915169483507991
2.4116967432507925,2.296111740430873,3.711491738213425,2.3185493515948465
3.7528110508825683,1.6077595647341099,3.7469563063214273,2.1574831544220805
1.9155629457764864,2.26025267178256,2.6795310429441574,3.682514515876647
-0.7425349510975932,2.8864079290507405,4.309465423253165,1.8920669043473641
3.534296003090738,1.8896967909444706,3.9998812319853854,2.9179551127785364
1.9130118590403005,3.0230307875200197,3.676962210451833,3.6819013755752152
3.2784561620587347,2.0969841047697866,3.6044144290077638,2.031072635690309
-0.7239063507287553,2.915987363635298,4.3125351995315295,2.1345590927504747
0.6930247209911349,2.5108614248465826,2.7035142574549123,3.075281292087131
2.449837687607262,1.9512550121883903,2.952142416836478,2.485976756991507
0.19095323571719103,2.980108042681615,3.222056816587459,2.5546589390673273
5.190909766329408,1.9449311734793144,4.152590739779129,2.6887554477908595
2.76285511744373,1.4729337194551677,3.8860843236329385,2.5774228021504815
1.9246578445684674,2.155406583308564,3.76560691805691,1.9609208839735244
3.946382649017215,1.9182735896399545,4.096962110012035,2.2232969963696423
1.815808060755549,1.5881612553814692,3.1364808656897485,2.4511328802068246
2.628140690939132,2.1295932210436064,3.9065394263886235,2.6018975065142373
4.607496759166647,1.943749563950342,3.8241915826584862,2.3486845687127453
3.2924604923071645,1.9411654557990115,3.6711116042198904,2.1812989173162944
2.037042811239468,1.741524625707648,3.8029751189978187,2.3346298598025172
2.5805867660524484,3.436674925938166,4.288415469760745,2.1349320441099415
4.02771190698479,2.3200289788777697,3.630968918367266,2.1115525736383227
1.588244204020875,3.6808823190194033,2.56959952621554,2.7136961531623323
2.2277194095567894,3.475456022168008,3.8978174654053133,3.0422763005599918
-3.9905777249939,3.6209993340472844,3.565272165601032,2.5091107214814903
1.2165456578590341,2.3892445047618653,3.0411453006863822,1.86972968918151
4.585888484281041,2.042954168035488,3.910936596302656,2.289477170291009
2.159142189811952,2.053409716102514,3.7397616464150665,2.4637246864058144
1.7951843456434544,2.1483806643455976,2.6815130426699576,2.5599428694090003
2.7781962655169226,1.730741683734538,3.2472790303733583,2.951527062695275
1.2731488937377557,1.979511148232545,3.472885853927731,2.209956260478867
0.6292429367276822,2.6541267765720313,2.6780771049610244,2.5914077148176764
4.158914869630081,2.059658052787205,4.014864229417454,1.8759520157671312
1.1408822688282725,1.6427845302531643,3.9588209415689692,2.0730062806889356
2.601155473138767,2.7854316588090176,3.983540190215318,2.213810120423944
1.1478335914790576,1.888745033637567,2.7974098501172198,1.8106584283391727
4.148706586013692,2.2123356510107732,4.121179456236272,2.556225599438307
3.266745643541716,3.2354688147503063,3.478997914475767,2.6300382306862824
1.1958416723749672,3.6075012005196303,2.9261670261021386,2.066246958646458
2.280699310490674,2.3239080156665572,2.9017795336442793,3.316235635208505
2.4118342726414985,2.169230264024289,3.2234676422745476,2.412832526780661
-0.4478417349540833,2.471015667235456,4.0443398332360205,2.8780913705911013
3.7972304442439833,2.332179691757102,4.187232038659055,2.3045732916977886
3.75265992328192,3.2849578729362134,3.857030284337026,1.990086531455644
3.4232020056618966,1.7871439987311761,3.3048028784040997,2.524119820663619
1.6787355758678233,2.26333059715687,3.739784160831327,1.5494591183767445
6.744326532958299,1.958527185870693,3.903156030398232,2.607017970373351
4.612726890255943,2.156216150566734,4.039482439949428,2.832122341460289
1.662815379873614,1.586541911463509,3.846714798902316,2.2804596132564536
1.239478782002287,0.7015282843256068,3.033538714245606,2.742054641487871
2.9189111286944796,1.9892988897664317,2.557565741283582,3.1412270813900456
5.032438527166442,2.2027161363265275,3.928766008468372,2.0031944019014936
0.5836980637210054,3.61916449259322,3.181693934680355,3.2432428771334383
3.0605164413783195,2.3531010632283564,3.753352801571,2.504496153795715
2.6380857540694973,1.8785080968210333,3.9063118033679762,2.5044995156349583
1.2807996992644317,3.1055294921752257,3.856833214817003,2.7100592682493563
1.6331336410337702,3.430353150908585,4.722099971426636,2.8081879047530154
2.176327376908744,3.7569694734955856,4.173354081364267,2.4409403537355536
3.3518670690572514,1.6134087864191864,3.325533568110743,2.8389703202360144
3.684903284417638,1.321274022342927,3.6596574129801374,2.875714135821514
2.5686037284247396,1.6822728424417996,3.8970835670436306,2.1255410066141858
3.376650639076157,2.1698257726241854,3.814766387799071,2.581894712159377
3.4615367202599865,3.476685830766888,2.680169316515321,3.733225663265773
3.050284336026582,3.295264818189812,3.42783721485303,2.53181258898064
0.7534862604839874,2.934764882907228,3.1113741694813974,4.042584943833391
1.6679771714955414,2.0400881276828384,3.4855281471606214,2.0321940822825146
1.5907748153058077,1.6724894542697846,3.000570961249503,3.1272023146602237
1.660713136323392,3.1392384339892505,2.625161541289188,2.4428024991162056
3.4284542606826234,2.1559387304072932,2.9769307218772965,3.2924870912346327
3.844390399501542,1.9247657351604905,3.6028598604654833,2.5828698828359715
3.4871754060781766,1.7645121271024649,4.308315686607102,2.2674966435318837
2.4345582424103673,0.8008370173417902,3.2886508957578675,2.839931600701373
3.552657262012349,2.091450043412481,3.993799887297434,2.335939941802929
2.6699342008169418,2.704823805329389,2.457534368754011,2.921606244423768
3.3741278510237205,2.5266137043183727,2.375424699934416,2.181957364937692
1.7405385224608438,4.001275201085358,3.09732236269707,2.1108215106938513
2.2554068109499497,1.6602943816626565,3.6816026071320374,3.558284544973258
1.4985625940677096,1.8892265456998987,1.4887174927723401,3.2534027994181933
2.867467795246498,1.947895044249904,3.1367886914335656,1.258178308634061
0.8059544721894634,2.7563177598974185,2.87890624490223,2.315261142715051
5.635432486729868,2.7092950056900613,3.6492445696065583,2.432965171984502
2.3543698858732287,2.419002561628281,3.3309938608742478,2.0743704974255337
3.068754594429069,2.1066843583806123,4.210040447266446,3.0111678452073924
2.7719502143506096,1.874148223206323,3.855693464882374,2.357906408486728
-0.8337757261102574,3.335930800097224,3.680218438200947,2.498052510997762
3.5653567256792558,2.2901985737467445,3.6887876894127616,2.046705507731575
4.519423927459092,3.6910519956903824,4.059790935628719,2.1947497614609732
2.802863122917158,2.0980202574285216,3.7176320092852704,2.381294334919101
5.8140644797843635,2.870231965167044,3.261712587979506,2.959768766503702
1.1252788249003562,3.220658088594206,3.424192932342168,1.7438691612259385
2.1597584263038803,1.7860477124683363,3.6919620676611027,2.497583308010608
2.1763420479833373,1.8353472523325283,3.964192367501416,2.9515230649541864
3.996692155991188,2.230768376169759,3.8430111286807307,2.1742995403459693
0.8650524402089272,2.4768372431601287,3.80827138795164,2.979725506325745
3.532437834538367,2.1913977401775564,3.514037711469452,2.485604965377813
4.831466665488818,1.6323404496076717,4.546282251754892,2.5969426676754903
1.9753312087329606,2.3750517529393576,2.301141996703914,3.0853897286966445
0.28811104852134206,3.1258711533132804,1.8718818685525174,3.130761881168161
3.636695501569542,2.384626393932577,3.8000415076777294,2.153890833689636
-2.1079199315467494,3.429956193010514,3.7959504750058133,3.0275240363551505
3.7920461152807823,1.7143944355867724,3.700827062152599,1.656212420082603
3.689312941733636,1.725070866547941,3.77781616001897,2.412721139362209
0.8673084294148157,3.058698833401187,3.0263404955316275,2.0628451247041246
3.129558499757477,2.6601176430633577,4.427324105386322,2.2656004498916618
2.240478239014398,2.9730595729706395,3.7400151849696965,3.79830709921373
2.0539923752696616,2.3672483812030367,3.758010535586209,3.2434386245735976
9.340711512569763,2.7540744600317617,3.8632412791107167,2.6443615403833673
2.196907381511362,1.518576286534084,2.210343356277001,3.3670110974908014
2.7009543798476567,2.2366761929165273,3.689174947441033,2.5520770978440805
4.145037133399397,2.516335350789754,3.029931361968541,2.8124075516407703
3.0612376751733974,2.2609883801694584,3.3291592526289175,2.3570944949444055
1.6888609092915927,1.586758685136557,3.787249458472389,2.348415327807912
2.247523813800141,1.1644436948697807,2.5173688311802658,3.3237564565849107
1.7598931066467074,1.774660833121415,3.4700812170266646,2.3065871091731296
2.9461865541556564,1.9713983493886307,3.964034738500486,2.2753658470915386
2.5965238784738838,3.1313628252084658,4.134039190159461,2.992565033345359
-0.10389999499990932,2.0879009796428956,3.189495850608144,2.440166372539778
2.8517118645143293,2.3318912438357917,2.266119390941506,2.8179577653553314
2.101495611196914,2.995675876485852,2.412924876305933,3.9398770441149784
1.5272344524946613,2.3730539705841784,3.497431742989354,1.873746829996816
2.2271746507666332,1.1371538014993583,2.5904441968816583,2.2335391967238913
4.517104580913089,2.0192749991097485,3.5160955119893833,2.0435285314886853
4.691998487238663,1.8842916373441552,4.26917805792373,2.8617311845702202
4.037272695175955,2.1820517893936007,3.747035751691788,2.2834035988367063
3.4223679430971523,1.4516980586238124,3.980856830405224,2.060568453904886
3.5777697259702697,1.6064418475768156,3.0547512526766964,1.8461486497220458
1.6528038768378377,1.6527855081926597,3.1655534239156844,2.9179115023191384
4.808085197395285,3.3728581494394225,3.8545095997175904,2.3809972735615657
3.250723185462885,1.9535858522266867,3.724173920652105,2.4450116212922968
4.45919118877062,1.877386832965552,3.938113775805976,1.9644008167046558
4.150735330304918,1.848836555446705,3.803237441122474,2.5365445340283514
3.10760524264354,1.455647041145861,4.00971667626522,2.010184758130321
4.7183829341604895,1.7576641037265643,3.6675489535014076,1.9740019949312568
1.0731799528392125,1.8738445597023285,4.087117166336399,3.565171056474478
3.2079692076686257,2.373495493447716,3.856417310580384,2.104179885553174
1.8858181116411459,3.9238703072583716,1.8981881079958118,2.248945959416436
1.8466984634114039,2.5455171106075865,3.9131483407895624,3.1076133188546433
3.481951946573622,2.293590855880643,3.7664941143377253,2.4898662444616964
1.2531629805684923,1.5192134096991503,2.7972022880946095,4.3256431903641674
4.783469195034725,2.130163359492894,4.138865440172902,2.0134286352887107
-0.8314076317953822,2.685122600969069,4.122255862494263,1.942394564449279
1.3168185135877248,1.3291917038609629,2.241680502196693,4.589550073149818
1.2689071928737201,1.9695358351766132,2.615855162043962,3.2455354278046395
2.621266748430843,1.7979481932718764,3.8283334764120776,2.400955620816322
5.107634143446805,1.6401848564678951,3.420337347091927,2.426032119866243
2.997627201123117,2.1751002533755375,4.255659043591043,2.0522050429333754
2.4136673597306375,2.0786676690297354,4.062841173871699,2.2635884686908008
3.3365750310407583,3.5299500843483527,3.8133017997193748,3.8846345910681137
5.087901650815162,2.267312319566321,3.735387752954504,2.4089855204325823
2.7182420038365573,1.31354423178628,3.3366884831081083,4.178464026778915
0.7780876057786423,3.689548528250274,3.765838019551647,2.395671887380199
3.866394381976627,2.3507224235551476,4.1943962061909446,2.2871233790068
3.7452270884775,1.9174085402439558,3.8832825166553135,2.1425555446203037
4.849756543891217,1.722385834665028,3.891336998139982,2.1580336218535017
5.864087228312778,2.6752147583156294,3.4879583266215635,2.918172209360276
5.039320731816556,2.1567337724578657,3.7867667185292166,2.5862639497541813
0.4323142032791174,3.333213214926856,3.735180516766664,2.5003704678840797
1.5047350497777785,2.639658865838721,3.842777585006306,2.8673972250179594
2.3454539047149687,3.3908378792871243,2.654567540430842,3.178728535740413
1.5893564524978925,2.177521665173043,3.5226717332200597,2.5355064749322866
1.59220096092264,1.61954563408572,2.4277898850607382,2.274527472189014
2.187486046902777,2.113155611685636,2.8334569928067115,2.4063221169841102
0.9315534657906763,3.1147187738582938,4.114748659129294,3.1752525650305463
1.1539594918874885,2.2992962000692345,3.064393969964216,2.722390545698817
2.0477440696873925,2.0581610640503976,3.7983012774154457,2.328222808100411
3.0957945609593014,3.341991025467118,2.719068929484456,3.168122387106928
5.9248869929044545,2.178580966168734,3.9343780285023735,1.9487611499075557
2.446559152457188,2.4966884773091227,3.8576895081267844,2.6803594527109027
3.665934224371551,1.902786111508806,3.740372428371838,2.263391079886397
2.812724310062615,2.377607758762301,3.830952498123342,2.1263610695676816
0.7611883303378699,1.8723228349944598,2.4613354191761503,4.258911584988565
2.47161419195447,1.597597288895288,3.5950870491540017,2.424443144429876
2.0462141131943934,2.1799748246404955,4.090875760525296,2.641942194924844
1.170056393189844,2.083965879965992,2.8439373394115735,4.114926272758309
2.0482370844087803,2.6464610626615177,2.8535252081969062,3.110633157387505
0.9378086577828875,3.696170832461303,3.4055161325375325,2.4431297666590917
3.4349152708624286,2.011532354607556,3.1060763175021973,2.7680732793816776
4.134612067936486,1.4646532812812831,4.18247302710686,2.361111769647405
2.845456341169366,1.809905077991551,3.8938731618281626,2.29541222667847
4.358431653916096,2.541435636774087,3.4166900216349516,2.3489388551418213
3.2474192609225874,1.9678428306861817,2.722898944596958,2.8779218226473473
4.961662146315596,2.983465604776397,3.696116138817212,1.8893595237397864
1.8359397644078883,2.23497049718125,2.92541054940341,3.527753342578903
2.117439424796438,3.678834268881775,2.7343455509145347,2.8513047567133047
5.012478895409535,2.0557334469802906,3.6988500841986074,1.938171816956627
0.9720503030835705,3.296301206874887,3.5742418291407287,2.4668287640967343
3.3674086576989426,1.0030443254402077,3.655517844120322,3.8521970322679913
1.4925710662564269,0.8263497988687329,4.0094741490649675,3.919020966931545
2.0918066065093837,1.7057246224225808,4.091744649914015,2.278012614014179
4.022334333570888,1.8576825043178775,3.7062263837009946,2.4317932407599
1.491128306829161,1.98130110690569,2.0691472788217515,2.447174822381828
2.280504311824732,2.195457141701537,3.8966706680423635,2.024933422650543
0.658669272048992,2.058459224948583,3.9253552098235587,2.5368763515704487
3.0277281460227976,1.5357444278217542,4.1149288713621495,2.2315516287857102
4.651496696619903,2.382635711056163,3.5378278253519952,2.4133252145842166
4.121259044064841,2.485349216198811,3.5277433477809716,2.4310642265431355
1.6317471463176698,2.6476943357147498,2.5463211162276,3.2935476713014125
0.32284455874170104,2.3441222810903515,2.7048092339115293,2.428811878973854
1.8135298446057455,4.163718397188963,2.952735392458789,2.636650101112393
4.862538296815526,1.838653734812874,3.9544625619412392,2.436848946120118
4.500879517083662,2.0991629708781057,3.9167723135065886,2.1899932945339255
1.8966163633072477,2.6826421851253075,3.7953945280175447,2.511731058918625
5.575785828263438,2.2386422198330935,3.633516034466189,2.0042063182093277
2.770010254469754,1.750755932620652,4.094810585943359,2.449102674444022
0.8149569194954691,1.944548354565718,3.971455731122037,2.2513383570975436
2.2684654454799604,3.1030943080346787,3.1844941620294547,2.6106420447850267
2.6861583378626688,2.0492882747157983,3.6415166070143328,2.637749508041714
4.261713093047845,1.9007277730106242,3.8334640350439853,2.611635776578897
0.9794922337083629,1.6869554245984932,3.6341710150005873,2.8118989198972306
1.1905897050810554,1.9182743361822598,3.470485338321696,2.2578979984084016
2.410674780520853,1.7274398520084007,3.2216309407162353,3.58949142139881
2.752586751175196,1.4784113696459777,4.13836699403874,2.328570043451418
4.086429021080602,1.9639687577731693,3.4986837016184547,1.9069086342556014
1.7436568969811042,3.7706614228159134,3.131250496069422,3.6765164821321648
6.213838078662769,2.91953942264633,3.7497469701758064,2.6214257433840875
3.4531401512002438,1.4363163802033063,3.4978996111927696,2.8960138479264317
0.347939122690033,3.036305047138369,2.9093042006146335,2.06115689818049
3.9958925149842823,2.022129737779624,4.006091389506935,2.575123870968758
4.404239619255834,1.4977078083111508,4.093571045761514,2.578261137059072
1.6948459602123673,2.2579542702056483,3.659783600998358,2.391894880208272
6.394788339885913,2.0586447940213017,3.7770263659450283,2.6703568623530245
2.711099605288298,1.5685373796567097,3.406058171810372,2.598576625037935
1.9299562027905204,0.7846039738650277,2.982487457117416,3.867198649065745
5.318367156467646,2.3817619908500443,3.878039681389411,1.8565310829029729
1.9596166968475062,2.6743762115932133,4.333748636746161,3.7832758942224487
0.670128708800652,3.398107232438828,3.5617216004487546,2.6240712776195547
4.162992860354017,1.8295769917112725,3.9154584075229413,2.206089087872336
3.5755251260095555,1.8178152160047012,3.3374076771090238,2.441736602565177
7.96761728719369,3.155691525424051,4.76257628038364,2.480020793210336
0.9100108381259702,1.4101682843346615,2.9694994542684015,2.974617889092666
5.199332339122927,1.636696669718058,3.591283165162859,2.500500897322093
2.5134639186238594,3.2773953586753413,2.635858308366027,2.8957580811466443
2.766675084745724,1.1937423158028333,3.3801905456603967,3.9324955671696036
2.3354689022047106,1.2150577041331851,2.8417581787800574,2.9229592360544
5.782840690659498,2.630910110369142,3.964278526157587,2.187650923555254
5.441172108279833,1.9590216585981564,3.2615216615617264,2.0554483585470606
1.7281773938434368,0.3462091156172806,3.6119209748677195,3.4577185973122897
5.226882414047529,2.2365421532794683,3.8114482482783876,2.5020066339201885
2.534470463850756,1.8242961673524318,2.6664830687823082,2.6630063562277972
2.3389890687174804,3.3257710321077774,2.5866980633398575,3.8053676216654977
4.291847106226413,1.7498039219674653,3.374946821137537,2.0882980195742484
6.389062230217302,1.4171500231096648,3.450478095793181,1.8060394543445601
2.6623371381256256,2.5336350655146944,3.943802062527375,2.521747608232133
4.839762145363865,2.133497232406424,4.19324892301045,2.196032987230643
2.2206168070505337,2.1973281223252887,2.7659448151077597,2.426347199042446
4.462086676622575,1.7634865031250628,3.8443845047427656,1.9322153835605835
1.7825214942811076,2.4365855428318874,3.0070509329599426,3.442826103976371
0.8654135747142595,1.9320473769253446,3.862906483078432,1.3222496258922158
3.32192255814064,3.127979041109805,3.7244380903813488,1.9594696029080243
2.2634361933263873,3.0511033074140306,2.8312625776294333,3.116675399228017
3.5938036384456566,2.1904777519289262,3.9754602243113344,1.627826890712397
0.8252875974086897,3.2032976609690906,2.21486877031521,3.9253689102133826
3.1113358580926027,1.6575013330178272,4.254036714544087,2.9533804225789893
4.39503708484982,3.1811321104824963,3.471473572154727,2.5530705503262268
3.149918450475274,1.6910464618637808,3.467881246554575,2.1072442898633583
5.551602015922333,1.8282265125132144,3.7280785561815546,2.3439179507329593
4.7953172822641985,1.673909656204666,3.644345500838147,2.5081780031660177
0.0536464533079668,3.5549088892825713,3.593329687971384,2.6946421268638594
2.684454999238153,1.7998283545515812,1.2669806897306921,2.144261672132447
5.830640547659132,3.6868823267303967,4.458838582733627,1.735801367275137
5.345629350544332,2.290769482436357,3.7910576722857052,1.926735460032038
3.108370071773818,2.18753434926396,4.238232306682648,2.1585290405511293
1.7736458660032473,1.1403611200115058,2.6606068459135073,4.041404460736631
3.0757346419386904,2.0913598828670485,3.9114541732980754,2.3841603248181706
0.8249441447343033,2.007620202992973,3.0090936380484665,3.2671236631109464
2.5305739955339748,2.87443940740701,3.194329246922395,2.8159646102969904
